/*
 Navicat Premium Data Transfer

 Source Server         : 127.0.0.1 MySQL
 Source Server Type    : MySQL
 Source Server Version : 80200 (8.2.0)
 Source Host           : 127.0.0.1:3306
 Source Schema         : ruoyi-vue-pro

 Target Server Type    : MySQL
 Target Server Version : 80200 (8.2.0)
 File Encoding         : 65001

 Date: 02/06/2024 18:37:33
*/

SET NAMES utf8mb4;
SET FOREIGN_KEY_CHECKS = 0;

-- ----------------------------
-- Table structure for ai_api_key
-- ----------------------------
DROP TABLE IF EXISTS `ai_api_key`;
CREATE TABLE `ai_api_key`  (
  `id` bigint NOT NULL AUTO_INCREMENT COMMENT '编号',
  `name` varchar(255) CHARACTER SET utf8mb4 COLLATE utf8mb4_unicode_ci NOT NULL COMMENT '名称',
  `api_key` varchar(255) CHARACTER SET utf8mb4 COLLATE utf8mb4_unicode_ci NOT NULL COMMENT '密钥',
  `platform` varchar(255) CHARACTER SET utf8mb4 COLLATE utf8mb4_unicode_ci NOT NULL COMMENT '平台',
  `url` varchar(255) CHARACTER SET utf8mb4 COLLATE utf8mb4_unicode_ci NULL DEFAULT NULL COMMENT '自定义 API 地址',
  `status` int NOT NULL COMMENT '状态',
  `creator` varchar(64) CHARACTER SET utf8mb4 COLLATE utf8mb4_unicode_ci NULL DEFAULT '' COMMENT '创建者',
  `create_time` datetime NOT NULL DEFAULT CURRENT_TIMESTAMP COMMENT '创建时间',
  `updater` varchar(64) CHARACTER SET utf8mb4 COLLATE utf8mb4_unicode_ci NULL DEFAULT '' COMMENT '更新者',
  `update_time` datetime NOT NULL DEFAULT CURRENT_TIMESTAMP ON UPDATE CURRENT_TIMESTAMP COMMENT '更新时间',
  `deleted` bit(1) NOT NULL DEFAULT b'0' COMMENT '是否删除',
  `tenant_id` bigint NOT NULL DEFAULT 0 COMMENT '租户编号',
  PRIMARY KEY (`id`) USING BTREE
) ENGINE = InnoDB AUTO_INCREMENT = 9 CHARACTER SET = utf8mb4 COLLATE = utf8mb4_unicode_ci COMMENT = 'AI API 密钥表';

-- ----------------------------
-- Records of ai_api_key
-- ----------------------------
BEGIN;
INSERT INTO `ai_api_key` (`id`, `name`, `api_key`, `platform`, `url`, `status`, `creator`, `create_time`, `updater`, `update_time`, `deleted`, `tenant_id`) VALUES (1, '【OpenAI】ChatGPT', 'sk-yzKea6d8e8212c3bdd99f9f44ced1cae37c097e5aa3BTS7z', 'OpenAI', 'https://api.gptsapi.net', 0, '', '2024-05-10 01:37:55', '1', '2024-05-22 09:20:52', b'0', 0), (2, '呵呵', '123321', 'OpenAI', NULL, 0, '1', '2024-05-11 16:46:18', '1', '2024-05-17 15:15:08', b'1', 1), (3, '【Meta】Ollama', ' ', 'Ollama', 'http://127.0.0.1:11434', 0, '1', '2024-05-17 23:04:13', '1', '2024-05-22 09:57:27', b'0', 0), (4, '【百度】文心一言', 'x0cuLZ7XsaTCU08vuJWO87Lg|R9mYF9dl9KASgi5RUq0FQt3wRisSnOcK', 'YiYan', NULL, 0, '1', '2024-05-18 09:26:02', '1', '2024-06-02 09:06:19', b'0', 0), (5, '【讯飞】星火', '13c8cca6|cb6415c19d6162cda07b47316fcb0416|Y2JiYTIxZjA3MDMxMjNjZjQzYzVmNzdh', 'XingHuo', NULL, 0, '1', '2024-05-18 10:09:42', '1', '2024-05-18 10:09:42', b'0', 0), (6, '【阿里】通义千问', 'sk-Zsd81gZYg7', 'QianWen', NULL, 0, '1', '2024-05-18 10:33:12', '1', '2024-06-01 19:35:13', b'0', 0), (7, 'StableDiffusion', 'sk-e53UqbboF8QJCscYvzJscJxJXoFcFg4iJjl1oqgE7baJETmx', 'StableDiffusion', NULL, 0, '1', '2024-06-01 15:11:18', '1', '2024-06-01 15:11:18', b'0', 0), (8, '【阿里】通义千问（本地部署）', 'null', 'QianWen', 'http://localhost:11434', 0, '1', '2024-06-01 20:04:43', '1', '2024-06-01 22:21:36', b'0', 0);
COMMIT;

-- ----------------------------
-- Table structure for ai_chat_conversation
-- ----------------------------
DROP TABLE IF EXISTS `ai_chat_conversation`;
CREATE TABLE `ai_chat_conversation`  (
  `id` bigint NOT NULL AUTO_INCREMENT COMMENT '对话编号',
  `user_id` bigint NOT NULL COMMENT '用户编号',
  `role_id` bigint NULL DEFAULT NULL COMMENT '聊天角色',
  `title` varchar(256) CHARACTER SET utf8mb4 COLLATE utf8mb4_0900_bin NOT NULL COMMENT '对话标题',
  `model_id` bigint NOT NULL COMMENT '模型编号',
  `model` varchar(32) CHARACTER SET utf8mb4 COLLATE utf8mb4_0900_bin NOT NULL COMMENT '模型标识',
  `pinned` bit(1) NOT NULL COMMENT '是否置顶',
  `pinned_time` datetime NULL DEFAULT NULL COMMENT '置顶时间',
  `system_message` varchar(1024) CHARACTER SET utf8mb4 COLLATE utf8mb4_0900_bin NULL DEFAULT NULL COMMENT '角色设定',
  `temperature` double NOT NULL COMMENT '温度参数',
  `max_tokens` int NOT NULL COMMENT '单条回复的最大 Token 数量',
  `max_contexts` int NOT NULL COMMENT '上下文的最大 Message 数量',
  `creator` varchar(64) CHARACTER SET utf8mb4 COLLATE utf8mb4_unicode_ci NULL DEFAULT NULL COMMENT '创建人',
  `create_time` datetime NULL DEFAULT NULL COMMENT '创建时间',
  `updater` varchar(64) CHARACTER SET utf8mb4 COLLATE utf8mb4_unicode_ci NULL DEFAULT NULL COMMENT '更新人',
  `update_time` datetime NULL DEFAULT NULL ON UPDATE CURRENT_TIMESTAMP COMMENT '更新时间',
  `deleted` bit(1) NOT NULL DEFAULT b'0' COMMENT '是否删除',
  `tenant_id` bigint NULL DEFAULT NULL COMMENT '租户编号',
  PRIMARY KEY (`id`) USING BTREE
) ENGINE = InnoDB AUTO_INCREMENT = 1781604279872581722 CHARACTER SET = utf8mb4 COLLATE = utf8mb4_0900_bin COMMENT = 'AI 聊天对话表';

-- ----------------------------
-- Records of ai_chat_conversation
-- ----------------------------
BEGIN;
INSERT INTO `ai_chat_conversation` (`id`, `user_id`, `role_id`, `title`, `model_id`, `model`, `pinned`, `pinned_time`, `system_message`, `temperature`, `max_tokens`, `max_contexts`, `creator`, `create_time`, `updater`, `update_time`, `deleted`, `tenant_id`) VALUES (1781604279872581684, 1, 10, '新对话', 14, 'qwen-72b-chat', b'0', NULL, '您好，我是您的AI智能助手，我会尽力回答您的问题或提供有用的建议！！！！', 1, 20, 2, '1', '2024-05-20 22:22:39', '1', '2024-05-21 08:36:36', b'1', NULL), (1781604279872581685, 1, 10, 'gpt测试', 11, 'gpt-3.5-turbo', b'1', '2024-05-21 16:26:29', '您好，我是您的AI智能助手，我会尽力回答您的问题或提供有用的建议！！！！', 1, 20, 20, '1', '2024-05-21 09:37:38', '1', '2024-05-21 08:36:35', b'1', NULL), (1781604279872581686, 1, 10, '新的gpt测试', 11, 'gpt-3.5-turbo', b'0', NULL, '您好，我是您的AI智能助手，我会尽力回答您的问题或提供有用的建议！！！！', 1, 20, 20, '1', '2024-05-21 14:43:32', '1', '2024-05-21 08:36:39', b'1', NULL), (1781604279872581687, 1, 10, '新对话', 11, 'gpt-3.5-turbo', b'0', NULL, '您好，我是您的AI智能助手，我会尽力回答您的问题或提供有用的建议！！！！', 1, 20, 20, '1', '2024-05-21 16:37:12', '1', '2024-05-21 08:42:01', b'1', NULL), (1781604279872581688, 1, 10, '新对话', 10, 'ERNIE 4.0', b'0', NULL, '您好，我是您的AI智能助手，我会尽力回答您的问题或提供有用的建议！！！！', 1, 20, 20, '1', '2024-05-21 16:38:14', '1', '2024-05-21 08:42:03', b'1', NULL), (1781604279872581689, 1, 10, '新对话', 14, 'qwen-72b-chat', b'0', NULL, '您好，我是您的AI智能助手，我会尽力回答您的问题或提供有用的建议！！！！', 1, 20, 20, '1', '2024-05-21 16:40:23', '1', '2024-05-21 08:42:05', b'1', NULL), (1781604279872581690, 1, 10, '新对话111', 11, 'gpt-3.5-turbo', b'1', '2024-05-21 20:20:26', '您好，我是您的AI智能助手，我会尽力回答您的问题或提供有用的建议！！！！', 1, 20, 20, '1', '2024-05-21 16:42:06', '1', '2024-05-25 00:51:09', b'1', NULL), (1781604279872581691, 1, 10, '新对话1112', 11, 'gpt-3.5-turbo', b'0', '2024-05-22 07:25:38', '您好，我是您的AI智能助手，我会尽力回答您的问题或提供有用的建议！！！！', 1, 20, 20, '1', '2024-05-21 20:12:18', '1', '2024-05-23 12:37:39', b'1', NULL), (1781604279872581692, 1, 10, '新对话', 11, 'gpt-3.5-turbo', b'0', NULL, '您好，我是您的AI智能助手，我会尽力回答您的问题或提供有用的建议！！！！', 1, 20, 20, '1', '2024-05-21 20:12:32', '1', '2024-05-24 04:49:45', b'1', NULL), (1781604279872581693, 1, 10, '通用 AI 助手', 11, 'gpt-3.5-turbo', b'0', NULL, '您好，我是您的AI智能助手，我会尽力回答您的问题或提供有用的建议！！！！', 1, 20, 20, '1', '2024-05-22 07:26:06', '1', '2024-05-24 04:49:45', b'1', NULL), (1781604279872581694, 1, 10, '测试各种逻辑', 12, 'llama3', b'0', NULL, '您好，我是您的AI智能助手，我会尽力回答您的问题或提供有用的建议！！！！', 1, 2, 20, '1', '2024-05-22 09:55:37', '1', '2024-05-24 04:49:45', b'1', NULL), (1781604279872581695, 1, 10, '新对话', 11, 'gpt-3.5-turbo', b'0', NULL, '您好，我是您的AI智能助手，我会尽力回答您的问题或提供有用的建议！！！！', 1, 20, 20, '1', '2024-05-22 10:46:38', '1', '2024-05-24 04:49:45', b'1', NULL), (1781604279872581696, 1, 10, '新对话', 11, 'gpt-3.5-turbo', b'0', NULL, '您好，我是您的AI智能助手，我会尽力回答您的问题或提供有用的建议！！！！', 1, 20, 20, '1', '2024-05-23 20:37:42', '1', '2024-05-24 04:49:45', b'1', NULL), (1781604279872581697, 1, 10, '新对话', 11, 'gpt-3.5-turbo', b'0', NULL, '您好，我是您的AI智能助手，我会尽力回答您的问题或提供有用的建议！！！！', 1, 20, 20, '1', '2024-05-23 20:41:25', '1', '2024-05-24 04:49:45', b'1', NULL), (1781604279872581698, 1, NULL, '新对话', 11, 'gpt-3.5-turbo', b'0', NULL, NULL, 1, 20, 20, '1', '2024-05-24 12:46:36', '1', '2024-05-24 04:49:45', b'1', NULL), (1781604279872581699, 1, NULL, '新对话', 10, 'ERNIE 4.0', b'0', NULL, NULL, 1, 4096, 20, '1', '2024-05-24 12:48:25', '1', '2024-05-24 04:49:45', b'1', NULL), (1781604279872581700, 1, NULL, '新对话', 10, 'ERNIE 4.0', b'0', NULL, NULL, 1, 20, 20, '1', '2024-05-24 12:49:47', '1', '2024-05-24 04:51:29', b'1', NULL), (1781604279872581701, 1, NULL, '新对话', 10, 'ERNIE 4.0', b'0', NULL, NULL, 1, 20, 20, '1', '2024-05-24 12:51:30', '1', '2024-05-24 04:53:05', b'1', NULL), (1781604279872581702, 1, NULL, '新对话', 11, 'gpt-3.5-turbo', b'0', NULL, NULL, 1, 20, 20, '1', '2024-05-24 12:53:03', '1', '2024-05-25 05:17:26', b'1', NULL), (1781604279872581703, 1, NULL, '新对话', 11, 'gpt-3.5-turbo', b'0', NULL, NULL, 1, 20, 20, '1', '2024-05-24 14:05:36', '1', '2024-05-25 05:17:26', b'1', NULL), (1781604279872581704, 1, 10, '通用 AI 助手', 11, 'gpt-3.5-turbo', b'0', NULL, '您好，我是您的AI智能助手，我会尽力回答您的问题或提供有用的建议！！！！', 1, 20, 20, '1', '2024-05-24 14:06:52', '1', '2024-05-25 05:17:26', b'1', NULL), (1781604279872581705, 1, 10, '通用 AI 助手', 11, 'gpt-3.5-turbo', b'0', NULL, '您好，我是您的AI智能助手，我会尽力回答您的问题或提供有用的建议！！！！', 1, 20, 20, '1', '2024-05-24 14:16:46', '1', '2024-05-25 05:17:26', b'1', NULL), (1781604279872581706, 1, NULL, '新对话', 11, 'gpt-3.5-turbo', b'0', NULL, NULL, 1, 20, 20, '1', '2024-05-24 15:48:36', '1', '2024-05-25 05:17:26', b'1', NULL), (1781604279872581707, 1, NULL, '新对话', 11, 'gpt-3.5-turbo', b'0', NULL, NULL, 1, 20, 20, '1', '2024-05-24 15:52:13', '1', '2024-05-25 05:17:26', b'1', NULL), (1781604279872581708, 1, 10, '通用 AI 助手', 11, 'gpt-3.5-turbo', b'0', NULL, '您好，我是您的AI智能助手，我会尽力回答您的问题或提供有用的建议！！！！', 1, 4096, 20, '1', '2024-05-24 20:58:12', '1', '2024-05-25 05:17:26', b'1', NULL), (1781604279872581709, 1, 11, 'Python 专家', 12, 'llama3', b'0', NULL, '我希望你能作为一名 python 专家。我将向你提供有关我的技术问题的所有信息，而你的角色是解决我的问题。你应该用你的计算机科学、网络基础设施和 IT 安全知识来解决我的问题。在你的回答中，使用聪明的、简单的、为各种层次的人所理解的语言会有帮助。逐步解释你的解决方案并使用要点是很有帮助的。尽量避免过多的技术细节，但在必要时使用它们。我希望你用解决方案来回答，而不是写任何解释。', 1, 4096, 10, '1', '2024-05-25 11:45:22', '1', '2024-05-25 05:17:26', b'1', NULL), (1781604279872581710, 1, NULL, '新对话', 11, 'gpt-3.5-turbo', b'0', NULL, NULL, 1, 20, 20, '1', '2024-05-25 11:48:51', '1', '2024-05-25 05:17:24', b'1', NULL), (1781604279872581711, 1, NULL, '新对话', 11, 'gpt-3.5-turbo', b'0', NULL, NULL, 1, 20, 20, '1', '2024-05-25 13:08:02', '1', '2024-05-25 05:17:22', b'1', NULL), (1781604279872581712, 1, NULL, '新对话', 11, 'gpt-3.5-turbo', b'0', NULL, NULL, 1, 20, 20, '1', '2024-05-25 13:08:17', '1', '2024-05-25 05:08:19', b'1', NULL), (1781604279872581713, 1, NULL, '测试讯飞', 13, 'generalv3.5', b'0', NULL, NULL, 1, 4096, 20, '1', '2024-05-25 13:17:28', '1', '2024-05-25 13:17:40', b'0', NULL), (1781604279872581714, 1, NULL, '测试千问', 14, 'qwen-72b-chat', b'0', NULL, NULL, 1, 1000, 20, '1', '2024-05-25 13:20:22', '1', '2024-05-25 13:21:11', b'0', NULL), (1781604279872581715, 1, 12, '小可爱角色', 11, 'gpt-3.5-turbo', b'0', NULL, '你好，我是宠物小精灵大师！', 1, 4096, 20, '1', '2024-05-25 13:25:51', '1', '2024-05-25 13:25:51', b'0', NULL), (1781604279872581716, 1, NULL, '新对话', 15, 'Qwen-1.8B', b'0', NULL, NULL, 1, 2000, 20, '1', '2024-06-01 20:06:19', '1', '2024-06-01 12:08:08', b'1', NULL), (1781604279872581717, 1, NULL, '新对话', 14, 'qwen-72b-chat', b'0', NULL, NULL, 1, 4096, 20, '1', '2024-06-01 20:08:09', '1', '2024-06-01 21:53:55', b'0', NULL), (1781604279872581718, 1, NULL, '新对话', 11, 'gpt-3.5-turbo', b'0', NULL, NULL, 1, 4096, 20, '1', '2024-06-01 21:53:36', '1', '2024-06-01 13:53:39', b'1', NULL), (1781604279872581719, 1, NULL, '新对话', 9, 'ERNIE-3.5-8K', b'0', NULL, NULL, 1, 4096, 20, '1', '2024-06-02 08:52:56', '1', '2024-06-02 01:13:15', b'1', NULL), (1781604279872581720, 1, NULL, '新对话', 9, 'ERNIE-3.5-8K', b'0', NULL, NULL, 1, 4096, 20, '1', '2024-06-02 09:07:19', '1', '2024-06-02 01:10:24', b'1', NULL), (1781604279872581721, 1, NULL, '新对话', 9, 'ERNIE-3.5-8K', b'0', NULL, NULL, 0.5, 1000, 20, '1', '2024-06-02 09:13:16', '1', '2024-06-02 09:18:25', b'0', NULL);
COMMIT;

-- ----------------------------
-- Table structure for ai_chat_message
-- ----------------------------
DROP TABLE IF EXISTS `ai_chat_message`;
CREATE TABLE `ai_chat_message`  (
  `id` bigint NOT NULL AUTO_INCREMENT COMMENT '消息编号',
  `conversation_id` bigint NOT NULL COMMENT '对话编号',
  `reply_id` bigint NULL DEFAULT NULL COMMENT '回复编号',
  `user_id` bigint NOT NULL COMMENT '用户编号',
  `role_id` bigint NULL DEFAULT NULL COMMENT '角色编号',
  `type` varchar(16) CHARACTER SET utf8mb4 COLLATE utf8mb4_0900_bin NOT NULL COMMENT '消息类型',
  `model` varchar(32) CHARACTER SET utf8mb4 COLLATE utf8mb4_0900_bin NOT NULL COMMENT '模型标识',
  `model_id` bigint NOT NULL COMMENT '模型编号',
  `content` varchar(2048) CHARACTER SET utf8mb4 COLLATE utf8mb4_0900_bin NOT NULL COMMENT '消息内容',
  `use_context` bit(1) NOT NULL DEFAULT b'0' COMMENT '是否携带上下文',
  `creator` varchar(64) CHARACTER SET utf8mb4 COLLATE utf8mb4_unicode_ci NULL DEFAULT NULL COMMENT '创建人',
  `create_time` datetime NULL DEFAULT NULL COMMENT '创建时间',
  `updater` varchar(64) CHARACTER SET utf8mb4 COLLATE utf8mb4_unicode_ci NULL DEFAULT NULL COMMENT '更新人',
  `update_time` datetime NULL DEFAULT NULL ON UPDATE CURRENT_TIMESTAMP COMMENT '更新时间',
  `deleted` bit(1) NOT NULL DEFAULT b'0' COMMENT '是否删除',
  `tenant_id` bigint NULL DEFAULT NULL COMMENT '租户编号',
  PRIMARY KEY (`id`) USING BTREE
) ENGINE = InnoDB AUTO_INCREMENT = 2203 CHARACTER SET = utf8mb4 COLLATE = utf8mb4_0900_bin COMMENT = 'AI 聊天消息表';

-- ----------------------------
-- Records of ai_chat_message
-- ----------------------------
BEGIN;
INSERT INTO `ai_chat_message` (`id`, `conversation_id`, `reply_id`, `user_id`, `role_id`, `type`, `model`, `model_id`, `content`, `use_context`, `creator`, `create_time`, `updater`, `update_time`, `deleted`, `tenant_id`) VALUES (1481, 1781604279872581686, NULL, 1, 10, 'user', 'gpt-3.5-turbo', 11, '测试小苹果？', b'0', '1', '2024-05-21 14:47:37', '1', '2024-05-21 14:47:37', b'0', NULL), (1482, 1781604279872581686, 1481, 1, 10, 'assistant', 'gpt-3.5-turbo', 11, '很，我抱无法提供果歉关于\"测试小苹\"的信息。请问您有其他问题或者需要帮助吗？我会尽力回答提或者供帮助。', b'0', '1', '2024-05-21 14:47:37', NULL, '2024-05-21 14:47:41', b'0', NULL), (1483, 1781604279872581686, NULL, 1, 10, 'user', 'gpt-3.5-turbo', 11, '真的么？', b'0', '1', '2024-05-21 14:47:59', '1', '2024-05-21 14:47:59', b'0', NULL), (1484, 1781604279872581686, 1483, 1, 10, 'assistant', 'gpt-3.5-turbo', 11, '', b'0', '1', '2024-05-21 14:47:59', '1', '2024-05-21 14:47:59', b'0', NULL), (1485, 1781604279872581686, NULL, 1, 10, 'user', 'gpt-3.5-turbo', 11, '测试小苹果？', b'0', '1', '2024-05-21 14:49:33', '1', '2024-05-21 14:49:33', b'0', NULL), (1486, 1781604279872581686, 1485, 1, 10, 'assistant', 'gpt-3.5-turbo', 11, '以下您好如果您想测试小苹果，您可以尝试几种方法：\n\n1. 检查苹果的外观：观察苹果的大小、形状和颜色。小苹果通常比大苹果要小一些。\n\n2. 感受苹果的：轻轻拿起苹果，小苹果通常比大苹果要轻一些。\n\n3. 闻闻苹果的气味：小苹果和大苹果在气味上没有显著差异，但如果苹果发出任何不寻常的气味表示它已经坏了。\n\n4. 尝尝苹果的口感：小苹果和大苹果在口感上没有明显差异，但小苹果可能会更脆一些。\n\n请注意，这些方法只是一些常见的判断方法，最可靠的方法还是根据您的个人经验和偏好来判断。祝您选购到满意的小苹果！！重量，可能', b'0', '1', '2024-05-21 14:49:33', NULL, '2024-05-21 14:51:12', b'0', NULL), (1487, 1781604279872581686, NULL, 1, 10, 'user', 'gpt-3.5-turbo', 11, '测试小苹果？', b'0', '1', '2024-05-21 14:51:48', '1', '2024-05-21 14:51:48', b'0', NULL), (1488, 1781604279872581686, 1487, 1, 10, 'assistant', 'gpt-3.5-turbo', 11, '小一苹果中首非常流这文歌以歌曲，由筷子兄其轻快的旋是行的弟演唱。首律和欢快的歌词而广受欢迎，成为了一个流行的舞蹈曲目。这首歌以幽默的主角时的努力和坚持，表达了方式描述了一个男主角在追求女积极向上的态度。如果您想听这首歌或学习它的舞蹈，可以在各大音乐平台或视频网站上搜索\"小苹果\"即可找到相关的资源。', b'0', '1', '2024-05-21 14:51:48', NULL, '2024-05-21 14:51:56', b'0', NULL), (1489, 1781604279872581686, NULL, 1, 10, 'user', 'gpt-3.5-turbo', 11, '测试小苹果？', b'0', '1', '2024-05-21 14:52:24', '1', '2024-05-21 14:52:24', b'0', NULL), (1490, 1781604279872581686, 1489, 1, 10, 'assistant', 'gpt-3.5-turbo', 11, '请想问您测试小苹果是这首歌曲吗？告如果诉您一些有关这首小苹果》是一首由中国歌手筷子兄弟演是的话，我可以歌曲的信息。\n\n《唱的歌曲，于2014年发布。这首歌曲的快节奏和旋律非常受欢迎，成为了当时的流行歌曲之一。歌曲的歌词讲述了对爱情欢快的的表达和追求，以及对美好生活的向往。\n\n这首歌曲的MV（音乐视频）也非常具有特色，以“红人”形象和有趣的舞蹈动作而闻名。这个MV在网络上迅速走红，引起了广泛的关注和模仿。\n\n如果您有其他关于《小苹果》的问题，或者需要其他帮助，请随时告诉我！', b'0', '1', '2024-05-21 14:52:26', NULL, '2024-05-21 14:53:02', b'0', NULL), (1491, 1781604279872581686, NULL, 1, 10, 'user', 'gpt-3.5-turbo', 11, '测试小苹果？', b'0', '1', '2024-05-21 14:53:14', '1', '2024-05-21 14:53:14', b'0', NULL), (1492, 1781604279872581686, 1491, 1, 10, 'assistant', 'gpt-3.5-turbo', 11, '小一苹果首非常流是行的中文歌曲，由筷子兄弟演唱。这首歌曲于2014年发布后迅很速走红，并成多人喜欢跳舞的歌为了曲之非一。歌曲的歌词简单、旋律会常容易上口，因此广受欢迎。如果您有尽力为您解答。欢快，任何关于这首歌曲的问题，我', b'0', '1', '2024-05-21 14:53:14', NULL, '2024-05-21 14:53:19', b'0', NULL), (1493, 1781604279872581686, NULL, 1, 10, 'user', 'gpt-3.5-turbo', 11, '测试小苹果？', b'0', '1', '2024-05-21 14:53:37', '1', '2024-05-21 14:53:37', b'0', NULL), (1494, 1781604279872581686, 1493, 1, 10, 'assistant', 'gpt-3.5-turbo', 11, '请问体想您测试什么具关于小苹果的内容？苹果是一首歌曲的更多的信息，我会尽力帮助您。呢小名称，还是指其他的东西？请提供', b'0', '1', '2024-05-21 14:53:37', NULL, '2024-05-21 14:53:40', b'0', NULL), (1495, 1781604279872581686, NULL, 1, 10, 'user', 'gpt-3.5-turbo', 11, '你是 OpenAI 么？', b'0', '1', '2024-05-21 14:54:13', '1', '2024-05-21 14:54:13', b'0', NULL), (1496, 1781604279872581686, 1495, 1, 10, 'assistant', 'gpt-3.5-turbo', 11, '是的是Open手，AI的智能。我在是基于OpenAI的提供有用的我助技术开发的，旨信息和帮助回答用户的问题。如果您有任何问题或需要任何帮助，请随时告诉我。', b'0', '1', '2024-05-21 14:54:13', NULL, '2024-05-21 14:54:16', b'0', NULL), (1497, 1781604279872581686, NULL, 1, 10, 'user', 'gpt-3.5-turbo', 11, '测试新的调用', b'0', '1', '2024-05-21 15:16:32', '1', '2024-05-21 15:16:32', b'0', NULL), (1498, 1781604279872581686, 1497, 1, 10, 'assistant', 'gpt-3.5-turbo', 11, '非常抱无法理解您请的您提供更多详细信息歉，我意思。，我将尽力帮助您。', b'0', '1', '2024-05-21 15:16:32', NULL, '2024-05-21 15:16:36', b'0', NULL), (1499, 1781604279872581686, NULL, 1, 10, 'user', 'gpt-3.5-turbo', 11, '哈哈哈哈', b'0', '1', '2024-05-21 15:17:41', '1', '2024-05-21 15:17:41', b'0', NULL), (1500, 1781604279872581686, 1499, 1, 10, 'assistant', 'gpt-3.5-turbo', 11, '您好！很看心来您或开呢！有什需要我帮助的吗？么问题', b'0', '1', '2024-05-21 15:17:41', NULL, '2024-05-21 15:17:54', b'0', NULL), (1501, 1781604279872581686, NULL, 1, 10, 'user', 'gpt-3.5-turbo', 11, '还不错啊', b'0', '1', '2024-05-21 15:18:42', '1', '2024-05-21 15:18:42', b'0', NULL), (1502, 1781604279872581686, 1501, 1, 10, 'assistant', 'gpt-3.5-turbo', 11, '感谢您奖！我会续努力为您提供更的服务！如果您有任何问题或需要帮助，请随时的夸继好告诉我。', b'0', '1', '2024-05-21 15:18:42', NULL, '2024-05-21 15:18:45', b'0', NULL), (1503, 1781604279872581686, NULL, 1, 10, 'user', 'gpt-3.5-turbo', 11, '测试一下', b'0', '1', '2024-05-21 15:19:35', '1', '2024-05-21 15:19:35', b'0', NULL), (1504, 1781604279872581686, 1503, 1, 10, 'assistant', 'gpt-3.5-turbo', 11, '当然，请什么问题或需要帮助的地方吗？问有者', b'0', '1', '2024-05-21 15:19:35', NULL, '2024-05-21 15:19:37', b'0', NULL), (1505, 1781604279872581686, NULL, 1, 10, 'user', 'gpt-3.5-turbo', 11, '哈哈哈哈', b'0', '1', '2024-05-21 15:22:07', '1', '2024-05-21 15:22:07', b'0', NULL), (1506, 1781604279872581686, 1505, 1, 10, 'assistant', 'gpt-3.5-turbo', 11, '您来好！您很高兴，有什么我可以帮助您的吗？看', b'0', '1', '2024-05-21 15:22:07', NULL, '2024-05-21 15:22:10', b'0', NULL), (1507, 1781604279872581686, NULL, 1, 10, 'user', 'gpt-3.5-turbo', 11, '你好呀', b'0', '1', '2024-05-21 15:22:53', '1', '2024-05-21 15:22:53', b'0', NULL), (1508, 1781604279872581686, 1507, 1, 10, 'assistant', 'gpt-3.5-turbo', 11, '你好么！我有什可以帮助你的吗？', b'0', '1', '2024-05-21 15:22:53', NULL, '2024-05-21 15:22:56', b'0', NULL), (1509, 1781604279872581686, NULL, 1, 10, 'user', 'gpt-3.5-turbo', 11, '呵呵呵', b'0', '1', '2024-05-21 15:24:40', '1', '2024-05-21 15:24:40', b'0', NULL), (1510, 1781604279872581686, 1509, 1, 10, 'assistant', 'gpt-3.5-turbo', 11, '您好！您么我可以帮的吗？有什助', b'0', '1', '2024-05-21 15:24:40', NULL, '2024-05-21 15:24:43', b'0', NULL), (1511, 1781604279872581686, NULL, 1, 10, 'user', 'gpt-3.5-turbo', 11, '哎哟喂', b'0', '1', '2024-05-21 15:25:20', '1', '2024-05-21 15:25:20', b'0', NULL), (1512, 1781604279872581686, 1511, 1, 10, 'assistant', 'gpt-3.5-turbo', 11, '有您好！什？么问题或请告诉我，我会尽需要帮助吗力为您提供帮助。', b'0', '1', '2024-05-21 15:25:20', NULL, '2024-05-21 15:25:23', b'0', NULL), (1513, 1781604279872581686, NULL, 1, 10, 'user', 'gpt-3.5-turbo', 11, '你好哈', b'0', '1', '2024-05-21 16:07:48', '1', '2024-05-21 16:07:48', b'0', NULL), (1514, 1781604279872581686, 1513, 1, 10, 'assistant', 'gpt-3.5-turbo', 11, 'Failed to resolve \'api.gptsapi.net\' [A(1), AAAA(28)] after 4 queries ', b'0', '1', '2024-05-21 16:07:48', NULL, '2024-05-21 16:07:48', b'0', NULL), (1515, 1781604279872581686, NULL, 1, 10, 'user', 'gpt-3.5-turbo', 11, '你好哈？', b'0', '1', '2024-05-21 16:08:06', '1', '2024-05-21 16:08:06', b'0', NULL), (1516, 1781604279872581686, 1515, 1, 10, 'assistant', 'gpt-3.5-turbo', 11, '你好！我的可以帮助你吗？有什么', b'0', '1', '2024-05-21 16:08:06', NULL, '2024-05-21 16:08:08', b'0', NULL), (1517, 1781604279872581686, NULL, 1, 10, 'user', 'gpt-3.5-turbo', 11, '你好呀', b'0', '1', '2024-05-21 16:09:46', '1', '2024-05-21 16:09:46', b'0', NULL), (1518, 1781604279872581686, 1517, 1, 10, 'assistant', 'gpt-3.5-turbo', 11, '', b'0', '1', '2024-05-21 16:09:46', '1', '2024-05-21 16:09:46', b'0', NULL), (1519, 1781604279872581686, NULL, 1, 10, 'user', 'gpt-3.5-turbo', 11, '你好哈', b'0', '1', '2024-05-21 16:09:51', '1', '2024-05-21 16:09:51', b'0', NULL), (1520, 1781604279872581686, 1519, 1, 10, 'assistant', 'gpt-3.5-turbo', 11, '你什好！么我可以帮有助你的吗？', b'0', '1', '2024-05-21 16:09:51', NULL, '2024-05-21 16:09:54', b'0', NULL), (1521, 1781604279872581686, NULL, 1, 10, 'user', 'gpt-3.5-turbo', 11, '你好哈', b'0', '1', '2024-05-21 16:10:06', '1', '2024-05-21 16:10:06', b'0', NULL), (1522, 1781604279872581686, 1521, 1, 10, 'assistant', 'gpt-3.5-turbo', 11, '你好！什么我可以吗？有帮助你的', b'0', '1', '2024-05-21 16:10:06', NULL, '2024-05-21 16:10:09', b'0', NULL), (1523, 1781604279872581686, NULL, 1, 10, 'user', 'gpt-3.5-turbo', 11, '你好啊', b'0', '1', '2024-05-21 16:10:54', '1', '2024-05-21 16:10:54', b'0', NULL), (1524, 1781604279872581686, 1523, 1, 10, 'assistant', 'gpt-3.5-turbo', 11, '你什助好！么我可以帮你的吗？有', b'0', '1', '2024-05-21 16:10:54', NULL, '2024-05-21 16:10:56', b'0', NULL), (1525, 1781604279872581686, NULL, 1, 10, 'user', 'gpt-3.5-turbo', 11, 'nihao 呀', b'0', '1', '2024-05-21 16:11:32', '1', '2024-05-21 16:11:32', b'0', NULL), (1526, 1781604279872581686, 1525, 1, 10, 'assistant', 'gpt-3.5-turbo', 11, '你什好！么我可以帮助你的吗？有', b'0', '1', '2024-05-21 16:11:32', NULL, '2024-05-21 16:11:35', b'0', NULL), (1527, 1781604279872581686, NULL, 1, 10, 'user', 'gpt-3.5-turbo', 11, '你好呀', b'0', '1', '2024-05-21 16:13:47', '1', '2024-05-21 16:13:47', b'0', NULL), (1528, 1781604279872581686, 1527, 1, 10, 'assistant', 'gpt-3.5-turbo', 11, '你好！什么我可以助您的吗？有帮', b'0', '1', '2024-05-21 16:13:47', NULL, '2024-05-21 16:13:50', b'0', NULL), (1529, 1781604279872581686, NULL, 1, 10, 'user', 'gpt-3.5-turbo', 11, '你好呀', b'0', '1', '2024-05-21 16:14:02', '1', '2024-05-21 16:14:02', b'0', NULL), (1530, 1781604279872581686, 1529, 1, 10, 'assistant', 'gpt-3.5-turbo', 11, '你什助好！么我可以帮你的吗？有', b'0', '1', '2024-05-21 16:14:02', NULL, '2024-05-21 16:14:05', b'0', NULL), (1531, 1781604279872581685, NULL, 1, 10, 'user', 'gpt-3.5-turbo', 11, '你说噶', b'0', '1', '2024-05-21 16:26:37', '1', '2024-05-21 16:26:37', b'0', NULL), (1532, 1781604279872581685, 1531, 1, 10, 'assistant', 'gpt-3.5-turbo', 11, '噶言或是一个词汇，通常用来表示“哪个”“哪里”的意思。在不同的地区和方方言中，噶可能会有略微不同的用法和发音。如果您有具体的问题或需要更多的解，请释告诉我，我会尽力帮助您。', b'0', '1', '2024-05-21 16:26:37', NULL, '2024-05-21 16:26:42', b'0', NULL), (1533, 1781604279872581685, NULL, 1, 10, 'user', 'gpt-3.5-turbo', 11, '你说一下噶', b'0', '1', '2024-05-21 16:27:07', '1', '2024-05-21 16:27:07', b'0', NULL), (1534, 1781604279872581685, 1533, 1, 10, 'assistant', 'gpt-3.5-turbo', 11, '噶是一个词于汇，的地通西南方言中，具体意思可能因域和语境的方言常用指代不同而有所差异。在一些地方，噶可以表示“那个”、“这个”、“在代词，用于引事物。此外，噶还可以用作形容词，表示某个人或事物的状态或特征。需要注意的是不同的地区有不同的用法和含义。哪个”等指示导特定的人或，噶是地方方言中的词汇，可能', b'0', '1', '2024-05-21 16:27:07', NULL, '2024-05-21 16:27:14', b'0', NULL), (1535, 1781604279872581685, NULL, 1, 10, 'user', 'gpt-3.5-turbo', 11, '你说？', b'0', '1', '2024-05-21 16:34:25', '1', '2024-05-21 16:34:25', b'0', NULL), (1536, 1781604279872581685, 1535, 1, 10, 'assistant', 'gpt-3.5-turbo', 11, '，回很抱歉我之前的答有点问题。请问有什么我可以帮助您的？', b'0', '1', '2024-05-21 16:34:25', NULL, '2024-05-21 16:34:29', b'0', NULL), (1537, 1781604279872581684, NULL, 1, 10, 'user', 'qwen-72b-chat', 14, '你猜？？', b'0', '1', '2024-05-21 16:34:55', '1', '2024-05-21 16:34:55', b'0', NULL), (1538, 1781604279872581684, 1537, 1, 10, 'assistant', 'qwen-72b-chat', 14, '很抱歉，由于您没有给出具体的问题或提示信息，我无法进行猜测。请告诉我您想要让我猜测的内容或者提出您的问题。', b'0', '1', '2024-05-21 16:34:55', NULL, '2024-05-21 16:34:57', b'0', NULL), (1539, 1781604279872581685, NULL, 1, 10, 'user', 'gpt-3.5-turbo', 11, '鹅鹅鹅饿', b'0', '1', '2024-05-21 16:35:35', '1', '2024-05-21 16:35:35', b'0', NULL), (1540, 1781604279872581685, 1539, 1, 10, 'assistant', 'gpt-3.5-turbo', 11, '，鹅鹅鹅饿了吗？\n您可以找些食物给它，鹅常吃的食物包括草、水生植物、吃谷物等。记得给它或提供足够的水源，以保持它的健康和饱食感。另外，专业人士，以获取更详细的饲养建议。也可以考虑咨询兽医', b'0', '1', '2024-05-21 16:35:35', NULL, '2024-05-21 16:35:41', b'0', NULL), (1541, 1781604279872581685, NULL, 1, 10, 'user', 'gpt-3.5-turbo', 11, '你说是就是啥？', b'0', '1', '2024-05-21 16:36:08', '1', '2024-05-21 16:36:08', b'0', NULL), (1542, 1781604279872581685, 1541, 1, 10, 'assistant', 'gpt-3.5-turbo', 11, '\"一个是\"肯定回答的词语，表示同意或确认。它可以用来回答一个肯定的问题，也可以是用来表示同意对方的观点或意见。例如，如果有人问回你是否愿意出去吃饭，你可以答\"是\"表示同意他们的观点。回答\"是\"表示同意。如果有人说某个观点，你可以', b'0', '1', '2024-05-21 16:36:08', NULL, '2024-05-21 16:36:13', b'0', NULL), (1543, 1781604279872581687, NULL, 1, 10, 'user', 'gpt-3.5-turbo', 11, '你说一下', b'0', '1', '2024-05-21 16:37:32', '1', '2024-05-21 16:37:32', b'0', NULL), (1544, 1781604279872581687, 1543, 1, 10, 'assistant', 'gpt-3.5-turbo', 11, '当您方供然，请想听什么面的内容呢？我可以提关于科学、历史、文化、健康问、等各个领域的信息和建议。技术', b'0', '1', '2024-05-21 16:37:32', NULL, '2024-05-21 16:37:36', b'0', NULL), (1545, 1781604279872581687, NULL, 1, 10, 'user', 'gpt-3.5-turbo', 11, '貌似数据不全？', b'0', '1', '2024-05-21 16:37:56', '1', '2024-05-21 16:37:56', b'0', NULL), (1546, 1781604279872581687, 1545, 1, 10, 'assistant', 'gpt-3.5-turbo', 11, '非常，如果抱数据不完整或者缺失，歉我力提供已有的信息或者帮助您找会尽查相关的资料。请告诉我您需要了解的具体内容，我会尽力回答您的问题或提供有用的建议。', b'0', '1', '2024-05-21 16:37:56', NULL, '2024-05-21 16:38:00', b'0', NULL), (1547, 1781604279872581688, NULL, 1, 10, 'user', 'ERNIE 4.0', 10, '看看tongyi 会不会关闭？', b'0', '1', '2024-05-21 16:38:31', '1', '2024-05-21 16:38:31', b'0', NULL), (1548, 1781604279872581688, 1547, 1, 10, 'assistant', 'ERNIE 4.0', 10, '您提到的“tongyi”这个词可能有多种含义，例如它可以指一个公司、一个平台、一个服务，或者是一个更广泛的概念。因此，我无法直接预测它是否会关闭。\n\n如果您指的是某个具体的公司或平台，例如“统一股份”或“统一企业”等，那么它的关闭与否取决于多种因素，如公司的经营状况、市场环境、政策变化等。这些因素都是动态变化的，所以无法给出确定的答案。\n\n如果您想了解某个公司或平台的最新动态和前景，建议您查阅相关的新闻报道、官方公告或行业分析，以获取更准确的信息。同时，也可以关注该公司的市场表现、财务状况和竞争力等方面，以便做出更明智的判断。\n\n如果您有其他的问题或需要进一步的建议，请随时告诉我。', b'0', '1', '2024-05-21 16:38:31', NULL, '2024-05-21 16:38:44', b'0', NULL), (1549, 1781604279872581687, NULL, 1, 10, 'user', 'gpt-3.5-turbo', 11, '1+1=?', b'0', '1', '2024-05-21 16:39:22', '1', '2024-05-21 16:39:22', b'0', NULL), (1550, 1781604279872581687, 1549, 1, 10, 'assistant', 'gpt-3.5-turbo', 11, 'handshake timed out after 10000ms', b'0', '1', '2024-05-21 16:39:22', NULL, '2024-05-21 16:39:35', b'0', NULL), (1551, 1781604279872581687, NULL, 1, 10, 'user', 'gpt-3.5-turbo', 11, '1+1=?', b'0', '1', '2024-05-21 16:39:36', '1', '2024-05-21 16:39:36', b'0', NULL), (1552, 1781604279872581687, 1551, 1, 10, 'assistant', 'gpt-3.5-turbo', 11, '=1+12', b'0', '1', '2024-05-21 16:39:36', NULL, '2024-05-21 16:39:38', b'0', NULL), (1553, 1781604279872581688, NULL, 1, 10, 'user', 'ERNIE 4.0', 10, '1+1=?', b'0', '1', '2024-05-21 16:39:52', '1', '2024-05-21 16:39:52', b'0', NULL), (1554, 1781604279872581688, 1553, 1, 10, 'assistant', 'ERNIE 4.0', 10, '1+1等于2。这是基础的算术加法运算。如果您有其他问题或需要更多解释，请随时告诉我。', b'0', '1', '2024-05-21 16:39:52', NULL, '2024-05-21 16:39:56', b'0', NULL), (1555, 1781604279872581688, NULL, 1, 10, 'user', 'ERNIE 4.0', 10, '3+3=?', b'0', '1', '2024-05-21 16:40:11', '1', '2024-05-21 16:40:11', b'0', NULL), (1556, 1781604279872581688, 1555, 1, 10, 'assistant', 'ERNIE 4.0', 10, '3 + 3 等于 6。这是一个基础的加法运算。如果您还有其他问题或者需要更多的帮助，请随时告诉我。', b'0', '1', '2024-05-21 16:40:11', NULL, '2024-05-21 16:40:15', b'0', NULL), (1557, 1781604279872581689, NULL, 1, 10, 'user', 'qwen-72b-chat', 14, '1+1=？', b'0', '1', '2024-05-21 16:40:54', '1', '2024-05-21 16:40:54', b'0', NULL), (1558, 1781604279872581689, 1557, 1, 10, 'assistant', 'qwen-72b-chat', 14, '1 + 1 等于 2。', b'0', '1', '2024-05-21 16:40:54', NULL, '2024-05-21 16:40:55', b'0', NULL), (1559, 1781604279872581690, NULL, 1, 10, 'user', 'gpt-3.5-turbo', 11, '你说呢？', b'0', '1', '2024-05-21 16:42:17', '1', '2024-05-22 05:13:22', b'1', NULL), (1560, 1781604279872581690, 1559, 1, 10, 'assistant', 'gpt-3.5-turbo', 11, '作助我相信为AI智能手，我会尽力为您提供准确和有用的回答和建议。如果您有任何问题或需要帮助，请随时告诉我，我会尽力满足您的需求。', b'0', '1', '2024-05-21 16:42:17', NULL, '2024-05-22 05:13:22', b'1', NULL), (1561, 1781604279872581690, NULL, 1, 10, 'user', 'gpt-3.5-turbo', 11, '1+1=？', b'0', '1', '2024-05-21 16:42:28', '1', '2024-05-22 05:13:22', b'1', NULL), (1562, 1781604279872581690, 1561, 1, 10, 'assistant', 'gpt-3.5-turbo', 11, '1+21=', b'0', '1', '2024-05-21 16:42:29', NULL, '2024-05-22 05:13:22', b'1', NULL), (1563, 1781604279872581690, NULL, 1, 10, 'user', 'gpt-3.5-turbo', 11, '1+1=2？', b'0', '1', '2024-05-21 16:43:02', '1', '2024-05-22 05:13:22', b'1', NULL), (1564, 1781604279872581690, 1563, 1, 10, 'assistant', 'gpt-3.5-turbo', 11, '是的，1等于21加。', b'0', '1', '2024-05-21 16:43:02', NULL, '2024-05-22 05:13:22', b'1', NULL), (1565, 1781604279872581690, NULL, 1, 10, 'user', 'gpt-3.5-turbo', 11, '2+2=？', b'0', '1', '2024-05-21 16:43:40', '1', '2024-05-22 05:13:22', b'1', NULL), (1566, 1781604279872581690, 1565, 1, 10, 'assistant', 'gpt-3.5-turbo', 11, '24+2=', b'0', '1', '2024-05-21 16:43:40', NULL, '2024-05-22 05:13:22', b'1', NULL), (1567, 1781604279872581690, NULL, 1, 10, 'user', 'gpt-3.5-turbo', 11, '1+1=?', b'0', '1', '2024-05-21 16:47:24', '1', '2024-05-22 05:13:22', b'1', NULL), (1568, 1781604279872581690, 1567, 1, 10, 'assistant', 'gpt-3.5-turbo', 11, '1+1=2', b'0', '1', '2024-05-21 16:47:24', NULL, '2024-05-22 05:13:22', b'1', NULL), (1569, 1781604279872581690, NULL, 1, 10, 'user', 'gpt-3.5-turbo', 11, '1+1=?', b'0', '1', '2024-05-21 16:47:43', '1', '2024-05-22 05:13:22', b'1', NULL), (1570, 1781604279872581690, 1569, 1, 10, 'assistant', 'gpt-3.5-turbo', 11, '1+1=2', b'0', '1', '2024-05-21 16:47:43', NULL, '2024-05-22 05:13:22', b'1', NULL), (1571, 1781604279872581690, NULL, 1, 10, 'user', 'gpt-3.5-turbo', 11, '1+1=?', b'0', '1', '2024-05-21 17:02:08', '1', '2024-05-22 05:13:22', b'1', NULL), (1572, 1781604279872581690, 1571, 1, 10, 'assistant', 'gpt-3.5-turbo', 11, '=1+12', b'0', '1', '2024-05-21 17:02:08', NULL, '2024-05-22 05:13:22', b'1', NULL), (1573, 1781604279872581690, NULL, 1, 10, 'user', 'gpt-3.5-turbo', 11, '1+1=?', b'0', '1', '2024-05-21 17:05:48', '1', '2024-05-22 05:13:22', b'1', NULL), (1574, 1781604279872581690, 1573, 1, 10, 'assistant', 'gpt-3.5-turbo', 11, '12+1=', b'0', '1', '2024-05-21 17:05:48', NULL, '2024-05-22 05:13:22', b'1', NULL), (1575, 1781604279872581690, NULL, 1, 10, 'user', 'gpt-3.5-turbo', 11, '1+1=?', b'0', '1', '2024-05-21 17:08:42', '1', '2024-05-22 05:13:22', b'1', NULL), (1576, 1781604279872581690, 1575, 1, 10, 'assistant', 'gpt-3.5-turbo', 11, '=1+12', b'0', '1', '2024-05-21 17:08:42', NULL, '2024-05-22 05:13:22', b'1', NULL), (1577, 1781604279872581690, NULL, 1, 10, 'user', 'gpt-3.5-turbo', 11, '1+1=?', b'0', '1', '2024-05-21 17:35:28', '1', '2024-05-22 05:13:22', b'1', NULL), (1578, 1781604279872581690, 1577, 1, 10, 'assistant', 'gpt-3.5-turbo', 11, '1+1=2', b'0', '1', '2024-05-21 17:35:28', NULL, '2024-05-22 05:13:22', b'1', NULL), (1579, 1781604279872581690, NULL, 1, 10, 'user', 'gpt-3.5-turbo', 11, '1+1=?', b'0', '1', '2024-05-21 17:35:40', '1', '2024-05-22 05:13:22', b'1', NULL), (1580, 1781604279872581690, 1579, 1, 10, 'assistant', 'gpt-3.5-turbo', 11, '1+1=2', b'0', '1', '2024-05-21 17:35:40', NULL, '2024-05-22 05:13:22', b'1', NULL), (1581, 1781604279872581690, NULL, 1, 10, 'user', 'gpt-3.5-turbo', 11, '1+1=?', b'0', '1', '2024-05-21 17:36:31', '1', '2024-05-22 05:13:22', b'1', NULL), (1582, 1781604279872581690, 1581, 1, 10, 'assistant', 'gpt-3.5-turbo', 11, '=1+12', b'0', '1', '2024-05-21 17:36:31', NULL, '2024-05-22 05:13:22', b'1', NULL), (1583, 1781604279872581690, NULL, 1, 10, 'user', 'gpt-3.5-turbo', 11, '1+1=?', b'0', '1', '2024-05-21 17:37:38', '1', '2024-05-22 05:13:22', b'1', NULL), (1584, 1781604279872581690, 1583, 1, 10, 'assistant', 'gpt-3.5-turbo', 11, '1=2+1', b'0', '1', '2024-05-21 17:37:38', NULL, '2024-05-22 05:13:22', b'1', NULL), (1585, 1781604279872581690, NULL, 1, 10, 'user', 'gpt-3.5-turbo', 11, '1+1=?', b'0', '1', '2024-05-21 17:37:51', '1', '2024-05-22 05:13:22', b'1', NULL), (1586, 1781604279872581690, 1585, 1, 10, 'assistant', 'gpt-3.5-turbo', 11, '1 +  2。1 等于', b'0', '1', '2024-05-21 17:37:51', NULL, '2024-05-22 05:13:22', b'1', NULL), (1587, 1781604279872581690, NULL, 1, 10, 'user', 'gpt-3.5-turbo', 11, '1+1=?', b'0', '1', '2024-05-21 17:38:17', '1', '2024-05-22 05:13:22', b'1', NULL), (1588, 1781604279872581690, 1587, 1, 10, 'assistant', 'gpt-3.5-turbo', 11, '1=2+1', b'0', '1', '2024-05-21 17:38:17', NULL, '2024-05-22 05:13:22', b'1', NULL), (1589, 1781604279872581690, NULL, 1, 10, 'user', 'gpt-3.5-turbo', 11, '1+1=?', b'0', '1', '2024-05-21 17:38:22', '1', '2024-05-22 05:13:22', b'1', NULL), (1590, 1781604279872581690, 1589, 1, 10, 'assistant', 'gpt-3.5-turbo', 11, '1+1=2', b'0', '1', '2024-05-21 17:38:22', NULL, '2024-05-22 05:13:22', b'1', NULL), (1591, 1781604279872581690, NULL, 1, 10, 'user', 'gpt-3.5-turbo', 11, '1+1=?', b'0', '1', '2024-05-21 17:38:47', '1', '2024-05-22 05:13:22', b'1', NULL), (1592, 1781604279872581690, 1591, 1, 10, 'assistant', 'gpt-3.5-turbo', 11, '1+1=2', b'0', '1', '2024-05-21 17:38:47', NULL, '2024-05-22 05:13:22', b'1', NULL), (1593, 1781604279872581690, NULL, 1, 10, 'user', 'gpt-3.5-turbo', 11, '1+1=?', b'0', '1', '2024-05-21 17:38:56', '1', '2024-05-22 05:13:22', b'1', NULL), (1594, 1781604279872581690, 1593, 1, 10, 'assistant', 'gpt-3.5-turbo', 11, '1+=21', b'0', '1', '2024-05-21 17:38:56', NULL, '2024-05-22 05:13:22', b'1', NULL), (1595, 1781604279872581690, NULL, 1, 10, 'user', 'gpt-3.5-turbo', 11, '1+1=?', b'0', '1', '2024-05-21 18:54:39', '1', '2024-05-22 05:13:22', b'1', NULL), (1596, 1781604279872581690, 1595, 1, 10, 'assistant', 'gpt-3.5-turbo', 11, '=1+12', b'0', '1', '2024-05-21 18:54:39', NULL, '2024-05-22 05:13:22', b'1', NULL), (1597, 1781604279872581690, NULL, 1, 10, 'user', 'gpt-3.5-turbo', 11, '1+1=?', b'0', '1', '2024-05-21 18:57:34', '1', '2024-05-22 05:13:22', b'1', NULL), (1598, 1781604279872581690, 1597, 1, 10, 'assistant', 'gpt-3.5-turbo', 11, '1=2+1', b'0', '1', '2024-05-21 18:57:34', NULL, '2024-05-22 05:13:22', b'1', NULL), (1599, 1781604279872581690, NULL, 1, 10, 'user', 'gpt-3.5-turbo', 11, '1+1=?', b'0', '1', '2024-05-21 18:57:39', '1', '2024-05-22 05:13:22', b'1', NULL), (1600, 1781604279872581690, 1599, 1, 10, 'assistant', 'gpt-3.5-turbo', 11, '1+1=2', b'0', '1', '2024-05-21 18:57:39', NULL, '2024-05-22 05:13:22', b'1', NULL), (1601, 1781604279872581690, NULL, 1, 10, 'user', 'gpt-3.5-turbo', 11, '1+1=?', b'0', '1', '2024-05-21 18:57:44', '1', '2024-05-22 05:13:22', b'1', NULL), (1602, 1781604279872581690, 1601, 1, 10, 'assistant', 'gpt-3.5-turbo', 11, '1 + 1 = 2', b'0', '1', '2024-05-21 18:57:44', NULL, '2024-05-22 05:13:22', b'1', NULL), (1603, 1781604279872581690, NULL, 1, 10, 'user', 'gpt-3.5-turbo', 11, '1+1=?', b'0', '1', '2024-05-21 19:04:24', '1', '2024-05-22 05:13:22', b'1', NULL), (1604, 1781604279872581690, 1603, 1, 10, 'assistant', 'gpt-3.5-turbo', 11, '2', b'0', '1', '2024-05-21 19:04:24', NULL, '2024-05-22 05:13:22', b'1', NULL), (1605, 1781604279872581690, NULL, 1, 10, 'user', 'gpt-3.5-turbo', 11, '1+1=?', b'0', '1', '2024-05-21 19:04:32', '1', '2024-05-22 05:13:22', b'1', NULL), (1606, 1781604279872581690, 1605, 1, 10, 'assistant', 'gpt-3.5-turbo', 11, '1', b'0', '1', '2024-05-21 19:04:32', NULL, '2024-05-22 05:13:22', b'1', NULL), (1607, 1781604279872581690, NULL, 1, 10, 'user', 'gpt-3.5-turbo', 11, '1+1=?', b'0', '1', '2024-05-21 19:04:36', '1', '2024-05-22 05:13:22', b'1', NULL), (1608, 1781604279872581690, 1607, 1, 10, 'assistant', 'gpt-3.5-turbo', 11, '11', b'0', '1', '2024-05-21 19:04:36', NULL, '2024-05-22 05:13:22', b'1', NULL), (1609, 1781604279872581690, NULL, 1, 10, 'user', 'gpt-3.5-turbo', 11, '1+1=?', b'0', '1', '2024-05-21 19:04:44', '1', '2024-05-22 05:13:22', b'1', NULL), (1610, 1781604279872581690, 1609, 1, 10, 'assistant', 'gpt-3.5-turbo', 11, '1=', b'0', '1', '2024-05-21 19:04:44', NULL, '2024-05-22 05:13:22', b'1', NULL), (1611, 1781604279872581690, NULL, 1, 10, 'user', 'gpt-3.5-turbo', 11, '1+1=?', b'0', '1', '2024-05-21 19:04:50', '1', '2024-05-22 05:13:22', b'1', NULL), (1612, 1781604279872581690, 1611, 1, 10, 'assistant', 'gpt-3.5-turbo', 11, '1+=', b'0', '1', '2024-05-21 19:04:50', NULL, '2024-05-22 05:13:22', b'1', NULL), (1613, 1781604279872581690, NULL, 1, 10, 'user', 'gpt-3.5-turbo', 11, '1+1=?', b'0', '1', '2024-05-21 19:04:55', '1', '2024-05-22 05:13:22', b'1', NULL), (1614, 1781604279872581690, 1613, 1, 10, 'assistant', 'gpt-3.5-turbo', 11, '1  =2', b'0', '1', '2024-05-21 19:04:55', NULL, '2024-05-22 05:13:22', b'1', NULL), (1615, 1781604279872581690, NULL, 1, 10, 'user', 'gpt-3.5-turbo', 11, '1+1=?', b'0', '1', '2024-05-21 19:05:03', '1', '2024-05-22 05:13:22', b'1', NULL), (1616, 1781604279872581690, 1615, 1, 10, 'assistant', 'gpt-3.5-turbo', 11, '2', b'0', '1', '2024-05-21 19:05:03', NULL, '2024-05-22 05:13:22', b'1', NULL), (1617, 1781604279872581690, NULL, 1, 10, 'user', 'gpt-3.5-turbo', 11, '1+1=?', b'0', '1', '2024-05-21 19:05:08', '1', '2024-05-22 05:13:22', b'1', NULL), (1618, 1781604279872581690, 1617, 1, 10, 'assistant', 'gpt-3.5-turbo', 11, '1=', b'0', '1', '2024-05-21 19:05:08', NULL, '2024-05-22 05:13:22', b'1', NULL), (1619, 1781604279872581690, NULL, 1, 10, 'user', 'gpt-3.5-turbo', 11, '1+1=?', b'0', '1', '2024-05-21 19:08:04', '1', '2024-05-22 05:13:22', b'1', NULL), (1620, 1781604279872581690, 1619, 1, 10, 'assistant', 'gpt-3.5-turbo', 11, '11 +  等于 2。', b'0', '1', '2024-05-21 19:08:04', NULL, '2024-05-22 05:13:22', b'1', NULL), (1621, 1781604279872581690, NULL, 1, 10, 'user', 'gpt-3.5-turbo', 11, '1+1=?', b'0', '1', '2024-05-21 19:08:12', '1', '2024-05-22 05:13:22', b'1', NULL), (1622, 1781604279872581690, 1621, 1, 10, 'assistant', 'gpt-3.5-turbo', 11, '1+1 2。 等于', b'0', '1', '2024-05-21 19:08:12', NULL, '2024-05-22 05:13:22', b'1', NULL), (1623, 1781604279872581690, NULL, 1, 10, 'user', 'gpt-3.5-turbo', 11, '1+1=?', b'0', '1', '2024-05-21 19:08:42', '1', '2024-05-22 05:13:22', b'1', NULL), (1624, 1781604279872581690, 1623, 1, 10, 'assistant', 'gpt-3.5-turbo', 11, '1+1于 2。 等', b'0', '1', '2024-05-21 19:08:42', NULL, '2024-05-22 05:13:22', b'1', NULL), (1625, 1781604279872581690, NULL, 1, 10, 'user', 'gpt-3.5-turbo', 11, '1+1=?', b'0', '1', '2024-05-21 19:19:40', '1', '2024-05-22 05:13:22', b'1', NULL), (1626, 1781604279872581690, 1625, 1, 10, 'assistant', 'gpt-3.5-turbo', 11, '403 Forbidden from POST https://api.chatanywhere.tech/v1/chat/completions', b'0', '1', '2024-05-21 19:19:40', NULL, '2024-05-22 05:13:22', b'1', NULL), (1627, 1781604279872581690, NULL, 1, 10, 'user', 'gpt-3.5-turbo', 11, '1+1=?', b'0', '1', '2024-05-21 19:20:27', '1', '2024-05-22 05:13:22', b'1', NULL), (1628, 1781604279872581690, 1627, 1, 10, 'assistant', 'gpt-3.5-turbo', 11, '11 +  = 2', b'0', '1', '2024-05-21 19:20:27', NULL, '2024-05-22 05:13:22', b'1', NULL), (1629, 1781604279872581690, NULL, 1, 10, 'user', 'gpt-3.5-turbo', 11, '1+1=?', b'0', '1', '2024-05-21 19:20:54', '1', '2024-05-22 05:13:22', b'1', NULL), (1630, 1781604279872581690, 1629, 1, 10, 'assistant', 'gpt-3.5-turbo', 11, '1 = +  21', b'0', '1', '2024-05-21 19:20:54', NULL, '2024-05-22 05:13:22', b'1', NULL), (1631, 1781604279872581690, NULL, 1, 10, 'user', 'gpt-3.5-turbo', 11, '1+1=?', b'0', '1', '2024-05-21 19:26:13', '1', '2024-05-22 05:13:22', b'1', NULL), (1632, 1781604279872581690, 1631, 1, 10, 'assistant', 'gpt-3.5-turbo', 11, '1+1=2', b'0', '1', '2024-05-21 19:26:13', NULL, '2024-05-22 05:13:22', b'1', NULL), (1633, 1781604279872581690, NULL, 1, 10, 'user', 'gpt-3.5-turbo', 11, '1+1=?', b'0', '1', '2024-05-21 19:26:26', '1', '2024-05-22 05:13:22', b'1', NULL), (1634, 1781604279872581690, 1633, 1, 10, 'assistant', 'gpt-3.5-turbo', 11, '1+1=2', b'0', '1', '2024-05-21 19:26:26', NULL, '2024-05-22 05:13:22', b'1', NULL), (1635, 1781604279872581690, NULL, 1, 10, 'user', 'gpt-3.5-turbo', 11, '1+1=?', b'0', '1', '2024-05-21 19:27:10', '1', '2024-05-22 05:13:22', b'1', NULL), (1636, 1781604279872581690, 1635, 1, 10, 'assistant', 'gpt-3.5-turbo', 11, '', b'0', '1', '2024-05-21 19:27:10', '1', '2024-05-22 05:13:22', b'1', NULL), (1637, 1781604279872581690, NULL, 1, 10, 'user', 'gpt-3.5-turbo', 11, '1+1=?', b'0', '1', '2024-05-21 19:27:17', '1', '2024-05-22 05:13:22', b'1', NULL), (1638, 1781604279872581690, 1637, 1, 10, 'assistant', 'gpt-3.5-turbo', 11, '', b'0', '1', '2024-05-21 19:27:17', '1', '2024-05-22 05:13:22', b'1', NULL), (1639, 1781604279872581690, NULL, 1, 10, 'user', 'gpt-3.5-turbo', 11, '1+1=?', b'0', '1', '2024-05-21 19:28:22', '1', '2024-05-22 05:13:22', b'1', NULL), (1640, 1781604279872581690, 1639, 1, 10, 'assistant', 'gpt-3.5-turbo', 11, '', b'0', '1', '2024-05-21 19:28:22', '1', '2024-05-22 05:13:22', b'1', NULL), (1641, 1781604279872581690, NULL, 1, 10, 'user', 'gpt-3.5-turbo', 11, '1+1=?', b'0', '1', '2024-05-21 19:28:28', '1', '2024-05-22 05:13:22', b'1', NULL), (1642, 1781604279872581690, 1641, 1, 10, 'assistant', 'gpt-3.5-turbo', 11, '', b'0', '1', '2024-05-21 19:28:28', '1', '2024-05-22 05:13:22', b'1', NULL), (1643, 1781604279872581690, NULL, 1, 10, 'user', 'gpt-3.5-turbo', 11, '1+1=?', b'0', '1', '2024-05-21 19:28:47', '1', '2024-05-22 05:13:22', b'1', NULL), (1644, 1781604279872581690, 1643, 1, 10, 'assistant', 'gpt-3.5-turbo', 11, '', b'0', '1', '2024-05-21 19:28:47', '1', '2024-05-22 05:13:22', b'1', NULL), (1645, 1781604279872581690, NULL, 1, 10, 'user', 'gpt-3.5-turbo', 11, '1+1=?', b'0', '1', '2024-05-21 19:29:31', '1', '2024-05-22 05:13:22', b'1', NULL), (1646, 1781604279872581690, 1645, 1, 10, 'assistant', 'gpt-3.5-turbo', 11, '1 + 1 等于 2。', b'0', '1', '2024-05-21 19:29:31', NULL, '2024-05-22 05:13:22', b'1', NULL), (1647, 1781604279872581690, NULL, 1, 10, 'user', 'gpt-3.5-turbo', 11, '1+1=?', b'0', '1', '2024-05-21 19:31:15', '1', '2024-05-22 05:13:22', b'1', NULL), (1648, 1781604279872581690, 1647, 1, 10, 'assistant', 'gpt-3.5-turbo', 11, '1+1 等于 2。', b'0', '1', '2024-05-21 19:31:15', NULL, '2024-05-22 05:13:22', b'1', NULL), (1649, 1781604279872581690, NULL, 1, 10, 'user', 'gpt-3.5-turbo', 11, '1+1=?', b'0', '1', '2024-05-21 19:32:20', '1', '2024-05-22 05:13:22', b'1', NULL), (1650, 1781604279872581690, 1649, 1, 10, 'assistant', 'gpt-3.5-turbo', 11, '', b'0', '1', '2024-05-21 19:32:20', '1', '2024-05-22 05:13:22', b'1', NULL), (1651, 1781604279872581690, NULL, 1, 10, 'user', 'gpt-3.5-turbo', 11, '1+1=?', b'0', '1', '2024-05-21 19:32:53', '1', '2024-05-22 05:13:22', b'1', NULL), (1652, 1781604279872581690, 1651, 1, 10, 'assistant', 'gpt-3.5-turbo', 11, '', b'0', '1', '2024-05-21 19:32:53', '1', '2024-05-22 05:13:22', b'1', NULL), (1653, 1781604279872581690, NULL, 1, 10, 'user', 'gpt-3.5-turbo', 11, '1+1=?', b'0', '1', '2024-05-21 19:33:27', '1', '2024-05-22 05:13:22', b'1', NULL), (1654, 1781604279872581690, 1653, 1, 10, 'assistant', 'gpt-3.5-turbo', 11, 'connection timed out after 30000 ms: api.gptsapi.net/172.66.42.237:443', b'0', '1', '2024-05-21 19:33:27', NULL, '2024-05-22 05:13:22', b'1', NULL), (1655, 1781604279872581690, NULL, 1, 10, 'user', 'gpt-3.5-turbo', 11, '1+1=?', b'0', '1', '2024-05-21 19:34:37', '1', '2024-05-22 05:13:22', b'1', NULL), (1656, 1781604279872581690, 1655, 1, 10, 'assistant', 'gpt-3.5-turbo', 11, '1+1 等于 2。', b'0', '1', '2024-05-21 19:34:37', NULL, '2024-05-22 05:13:22', b'1', NULL), (1657, 1781604279872581690, NULL, 1, 10, 'user', 'gpt-3.5-turbo', 11, '1+1=?', b'0', '1', '2024-05-21 19:35:31', '1', '2024-05-22 05:13:22', b'1', NULL), (1658, 1781604279872581690, 1657, 1, 10, 'assistant', 'gpt-3.5-turbo', 11, '1+1 等于 2。', b'0', '1', '2024-05-21 19:35:31', NULL, '2024-05-22 05:13:22', b'1', NULL), (1659, 1781604279872581690, NULL, 1, 10, 'user', 'gpt-3.5-turbo', 11, '1+1=?', b'0', '1', '2024-05-21 19:35:48', '1', '2024-05-22 05:13:22', b'1', NULL), (1660, 1781604279872581690, 1659, 1, 10, 'assistant', 'gpt-3.5-turbo', 11, '1+1 等于 2。', b'0', '1', '2024-05-21 19:35:48', NULL, '2024-05-22 05:13:22', b'1', NULL), (1661, 1781604279872581690, NULL, 1, 10, 'user', 'gpt-3.5-turbo', 11, '1+1=?', b'0', '1', '2024-05-21 19:36:11', '1', '2024-05-22 05:13:22', b'1', NULL), (1662, 1781604279872581690, 1661, 1, 10, 'assistant', 'gpt-3.5-turbo', 11, '1+1 等于 2。', b'0', '1', '2024-05-21 19:36:11', NULL, '2024-05-22 05:13:22', b'1', NULL), (1663, 1781604279872581690, NULL, 1, 10, 'user', 'gpt-3.5-turbo', 11, '1+1=?', b'0', '1', '2024-05-21 19:36:57', '1', '2024-05-22 05:13:22', b'1', NULL), (1664, 1781604279872581690, 1663, 1, 10, 'assistant', 'gpt-3.5-turbo', 11, '1+1 等于 2。', b'0', '1', '2024-05-21 19:36:57', NULL, '2024-05-22 05:13:22', b'1', NULL), (1665, 1781604279872581690, NULL, 1, 10, 'user', 'gpt-3.5-turbo', 11, '1+1=?', b'0', '1', '2024-05-21 19:43:49', '1', '2024-05-22 05:13:22', b'1', NULL), (1666, 1781604279872581690, 1665, 1, 10, 'assistant', 'gpt-3.5-turbo', 11, '1+1=2', b'0', '1', '2024-05-21 19:43:49', NULL, '2024-05-22 05:13:22', b'1', NULL), (1667, 1781604279872581690, NULL, 1, 10, 'user', 'gpt-3.5-turbo', 11, '你好哈？', b'0', '1', '2024-05-21 20:10:54', '1', '2024-05-22 05:13:22', b'1', NULL), (1668, 1781604279872581690, 1667, 1, 10, 'assistant', 'gpt-3.5-turbo', 11, '你好！有什么我可以帮助你的吗？', b'0', '1', '2024-05-21 20:10:54', NULL, '2024-05-22 05:13:22', b'1', NULL), (1669, 1781604279872581690, NULL, 1, 10, 'user', 'gpt-3.5-turbo', 11, '确实有一个噢', b'0', '1', '2024-05-21 20:11:06', '1', '2024-05-22 05:13:22', b'1', NULL), (1670, 1781604279872581690, 1669, 1, 10, 'assistant', 'gpt-3.5-turbo', 11, '请问有什么问题或需要什么帮助呢？我会尽力为您提供解答或建议。', b'0', '1', '2024-05-21 20:11:06', NULL, '2024-05-22 05:13:22', b'1', NULL), (1671, 1781604279872581690, NULL, 1, 10, 'user', 'gpt-3.5-turbo', 11, '是的呀？', b'0', '1', '2024-05-21 20:11:14', '1', '2024-05-22 05:13:22', b'1', NULL), (1672, 1781604279872581690, 1671, 1, 10, 'assistant', 'gpt-3.5-turbo', 11, '是的，我是一个AI智能助手，可以为您提供信息、回答问题，或者提供一些建议和帮助。请告诉我您有什么问题或需要什么帮助，我会尽力为您提供支持。', b'0', '1', '2024-05-21 20:11:14', NULL, '2024-05-22 05:13:22', b'1', NULL), (1673, 1781604279872581691, NULL, 1, 10, 'user', 'gpt-3.5-turbo', 11, '写一个排序算法？', b'0', '1', '2024-05-21 20:13:02', '1', '2024-05-21 20:13:02', b'0', NULL), (1674, 1781604279872581691, 1673, 1, 10, 'assistant', 'gpt-3.5-turbo', 11, '可以为您提供一个常见的排序算法，冒泡排序。冒泡排序是一种简单直观的排序算法，它重复地遍历要排序的列表，一次比较两个元素，并且如果它们的顺序错误就交换它们。通过多次的遍历，最大（或最小）的元素会逐渐“冒泡”到列表的末尾，因此称为冒泡排序。\n\n以下是用Python编写的冒泡排序算法：\n\n```python\ndef bubble_sort(arr):\n    n = len(arr)\n    for i in range(n):\n        # 每次遍历都会有一个元素到达最终位置，所以可以减去已排序的元素个数\n        for j in range(n - i - 1):\n            # 比较相邻的元素，如果顺序错误就交换它们\n            if arr[j] > arr[j + 1]:\n                arr[j], arr[j + 1] = arr[j + 1], arr[j]\n    return arr\n```\n\n您可以调用该函数并传入一个列表来进行排序，例如：\n\n```python\narr = [64, 34, 25, 12, 22, 11, 90]\nsorted_arr = bubble_sort(arr)\nprint(sorted_arr)\n```\n\n输出结果为：[11, 12, 22, 25, 34, 64, 90]。', b'0', '1', '2024-05-21 20:13:02', NULL, '2024-05-21 20:13:14', b'0', NULL), (1675, 1781604279872581693, NULL, 1, 10, 'user', 'gpt-3.5-turbo', 11, '1+1=', b'0', '1', '2024-05-22 07:30:07', '1', '2024-05-22 07:30:07', b'0', NULL), (1676, 1781604279872581693, 1675, 1, 10, 'assistant', 'gpt-3.5-turbo', 11, '1+1=2', b'0', '1', '2024-05-22 07:30:07', NULL, '2024-05-22 07:30:11', b'0', NULL), (1677, 1781604279872581693, NULL, 1, 10, 'user', 'gpt-3.5-turbo', 11, '苹果是什么？', b'0', '1', '2024-05-22 07:31:44', '1', '2024-05-22 07:31:44', b'0', NULL), (1678, 1781604279872581693, 1677, 1, 10, 'assistant', 'gpt-3.5-turbo', 11, '苹果是一种常见的水果，属于蔷薇科苹果属植物。苹果具有丰富的营养，含有多种维生素、矿物质和纤维，有助于保持健康。苹果有不同的品种，有红色、黄色、绿色等不同颜色的苹果。它们可以生吃、烹饪、制作果汁等多种方式食用，是人们喜爱的水果之一。', b'0', '1', '2024-05-22 07:31:44', NULL, '2024-05-22 07:31:55', b'0', NULL), (1679, 1781604279872581693, NULL, 1, 10, 'user', 'gpt-3.5-turbo', 11, '1+1=', b'0', '1', '2024-05-22 07:32:00', '1', '2024-05-22 07:32:00', b'0', NULL), (1680, 1781604279872581693, 1679, 1, 10, 'assistant', 'gpt-3.5-turbo', 11, '1+1=2', b'0', '1', '2024-05-22 07:32:00', NULL, '2024-05-22 07:32:04', b'0', NULL), (1681, 1781604279872581690, NULL, 1, 10, 'user', 'gpt-3.5-turbo', 11, '呵呵', b'0', '1', '2024-05-22 09:21:34', '1', '2024-05-22 05:13:22', b'1', NULL), (1682, 1781604279872581690, 1681, 1, 10, 'assistant', 'gpt-3.5-turbo', 11, '您好！有什么我可以帮助您的吗？', b'0', '1', '2024-05-22 09:21:34', NULL, '2024-05-22 05:13:22', b'1', NULL), (1683, 1781604279872581690, NULL, 1, 10, 'user', 'gpt-3.5-turbo', 11, '你是 openai 么？', b'0', '1', '2024-05-22 09:22:47', '1', '2024-05-22 05:13:22', b'1', NULL), (1684, 1781604279872581690, 1683, 1, 10, 'assistant', 'gpt-3.5-turbo', 11, '不好意思，我不是OpenAI的产品，我是一个由另一家公司开发的AI助手。我旨在提供帮助和回答您的问题。有什么我可以帮助您的吗？', b'0', '1', '2024-05-22 09:22:47', NULL, '2024-05-22 05:13:22', b'1', NULL), (1685, 1781604279872581690, NULL, 1, 10, 'user', 'gpt-3.5-turbo', 11, '真的么？', b'0', '1', '2024-05-22 09:23:30', '1', '2024-05-22 05:13:22', b'1', NULL), (1686, 1781604279872581690, 1685, 1, 10, 'assistant', 'gpt-3.5-turbo', 11, '', b'0', '1', '2024-05-22 09:23:30', '1', '2024-05-22 05:13:16', b'1', NULL), (1687, 1781604279872581694, NULL, 1, 10, 'user', 'llama3', 12, '你是 ollama3 么？', b'0', '1', '2024-05-22 09:56:05', '1', '2024-05-23 12:40:41', b'1', NULL), (1688, 1781604279872581694, 1687, 1, 10, 'assistant', 'llama3', 12, 'Connection refused: /[0:0:0:0:0:0:0:1]:80', b'0', '1', '2024-05-22 09:56:05', NULL, '2024-05-23 12:40:41', b'1', NULL), (1689, 1781604279872581694, NULL, 1, 10, 'user', 'llama3', 12, '你是 ollama3 么？', b'0', '1', '2024-05-22 09:56:06', '1', '2024-05-23 12:40:41', b'1', NULL), (1690, 1781604279872581694, 1689, 1, 10, 'assistant', 'llama3', 12, 'Connection refused: /[0:0:0:0:0:0:0:1]:80', b'0', '1', '2024-05-22 09:56:06', NULL, '2024-05-23 12:40:41', b'1', NULL), (1691, 1781604279872581694, NULL, 1, 10, 'user', 'llama3', 12, '你是 ollama3 么？', b'0', '1', '2024-05-22 09:56:07', '1', '2024-05-23 12:40:41', b'1', NULL), (1692, 1781604279872581694, 1691, 1, 10, 'assistant', 'llama3', 12, 'Connection refused: /[0:0:0:0:0:0:0:1]:80', b'0', '1', '2024-05-22 09:56:07', NULL, '2024-05-23 12:40:41', b'1', NULL), (1693, 1781604279872581694, NULL, 1, 10, 'user', 'llama3', 12, '你是 ollama3 么？', b'0', '1', '2024-05-22 09:56:08', '1', '2024-05-23 12:40:41', b'1', NULL), (1694, 1781604279872581694, 1693, 1, 10, 'assistant', 'llama3', 12, 'Connection refused: /[0:0:0:0:0:0:0:1]:80', b'0', '1', '2024-05-22 09:56:08', NULL, '2024-05-23 12:40:41', b'1', NULL), (1695, 1781604279872581694, NULL, 1, 10, 'user', 'llama3', 12, '你是 ollama3 么？', b'0', '1', '2024-05-22 09:56:09', '1', '2024-05-23 12:40:41', b'1', NULL), (1696, 1781604279872581694, 1695, 1, 10, 'assistant', 'llama3', 12, 'Connection refused: /[0:0:0:0:0:0:0:1]:80', b'0', '1', '2024-05-22 09:56:09', NULL, '2024-05-23 12:40:41', b'1', NULL), (1697, 1781604279872581694, NULL, 1, 10, 'user', 'llama3', 12, '你是 ollama3 么？', b'0', '1', '2024-05-22 09:56:10', '1', '2024-05-23 12:40:41', b'1', NULL), (1698, 1781604279872581694, 1697, 1, 10, 'assistant', 'llama3', 12, 'Connection refused: /[0:0:0:0:0:0:0:1]:80', b'0', '1', '2024-05-22 09:56:10', NULL, '2024-05-23 12:40:41', b'1', NULL), (1699, 1781604279872581694, NULL, 1, 10, 'user', 'llama3', 12, '你是 ollama3 么？', b'0', '1', '2024-05-22 09:56:11', '1', '2024-05-23 12:40:41', b'1', NULL), (1700, 1781604279872581694, 1699, 1, 10, 'assistant', 'llama3', 12, 'Connection refused: /[0:0:0:0:0:0:0:1]:80', b'0', '1', '2024-05-22 09:56:11', NULL, '2024-05-23 12:40:41', b'1', NULL), (1701, 1781604279872581694, NULL, 1, 10, 'user', 'llama3', 12, '你是 ollama3 么？', b'0', '1', '2024-05-22 09:56:13', '1', '2024-05-23 12:40:41', b'1', NULL), (1702, 1781604279872581694, 1701, 1, 10, 'assistant', 'llama3', 12, 'Connection refused: /[0:0:0:0:0:0:0:1]:80', b'0', '1', '2024-05-22 09:56:13', NULL, '2024-05-23 12:40:41', b'1', NULL), (1703, 1781604279872581694, NULL, 1, 10, 'user', 'llama3', 12, '你是 ollama3 么？', b'0', '1', '2024-05-22 09:56:15', '1', '2024-05-23 12:40:41', b'1', NULL), (1704, 1781604279872581694, 1703, 1, 10, 'assistant', 'llama3', 12, 'Connection refused: /[0:0:0:0:0:0:0:1]:80', b'0', '1', '2024-05-22 09:56:15', NULL, '2024-05-23 12:40:41', b'1', NULL), (1705, 1781604279872581694, NULL, 1, 10, 'user', 'llama3', 12, '你是 ollama3 么？', b'0', '1', '2024-05-22 09:56:16', '1', '2024-05-23 12:40:41', b'1', NULL), (1706, 1781604279872581694, 1705, 1, 10, 'assistant', 'llama3', 12, 'Connection refused: /[0:0:0:0:0:0:0:1]:80', b'0', '1', '2024-05-22 09:56:16', NULL, '2024-05-23 12:40:41', b'1', NULL), (1707, 1781604279872581694, NULL, 1, 10, 'user', 'llama3', 12, '你是 ollama3 么？', b'0', '1', '2024-05-22 09:56:17', '1', '2024-05-23 12:40:41', b'1', NULL), (1708, 1781604279872581694, 1707, 1, 10, 'assistant', 'llama3', 12, 'Connection refused: /[0:0:0:0:0:0:0:1]:80', b'0', '1', '2024-05-22 09:56:17', NULL, '2024-05-23 12:40:41', b'1', NULL), (1709, 1781604279872581694, NULL, 1, 10, 'user', 'llama3', 12, '你是 ollama3 么？', b'0', '1', '2024-05-22 09:56:18', '1', '2024-05-23 12:40:41', b'1', NULL), (1710, 1781604279872581694, 1709, 1, 10, 'assistant', 'llama3', 12, 'Connection refused: /[0:0:0:0:0:0:0:1]:80', b'0', '1', '2024-05-22 09:56:18', NULL, '2024-05-23 12:40:41', b'1', NULL), (1711, 1781604279872581694, NULL, 1, 10, 'user', 'llama3', 12, '你是 ollama3 么？', b'0', '1', '2024-05-22 09:56:19', '1', '2024-05-23 12:40:41', b'1', NULL), (1712, 1781604279872581694, 1711, 1, 10, 'assistant', 'llama3', 12, 'Connection refused: /[0:0:0:0:0:0:0:1]:80', b'0', '1', '2024-05-22 09:56:19', NULL, '2024-05-23 12:40:41', b'1', NULL), (1713, 1781604279872581694, NULL, 1, 10, 'user', 'llama3', 12, '你是 ollama3 么？', b'0', '1', '2024-05-22 09:56:20', '1', '2024-05-23 12:40:41', b'1', NULL), (1714, 1781604279872581694, 1713, 1, 10, 'assistant', 'llama3', 12, 'Connection refused: /[0:0:0:0:0:0:0:1]:80', b'0', '1', '2024-05-22 09:56:20', NULL, '2024-05-23 12:40:41', b'1', NULL), (1715, 1781604279872581694, NULL, 1, 10, 'user', 'llama3', 12, '你是 ollama3 么？', b'0', '1', '2024-05-22 09:56:21', '1', '2024-05-23 12:40:41', b'1', NULL), (1716, 1781604279872581694, 1715, 1, 10, 'assistant', 'llama3', 12, 'Connection refused: /[0:0:0:0:0:0:0:1]:80', b'0', '1', '2024-05-22 09:56:21', NULL, '2024-05-23 12:40:41', b'1', NULL), (1717, 1781604279872581694, NULL, 1, 10, 'user', 'llama3', 12, '你是 ollama3 么？', b'0', '1', '2024-05-22 09:56:22', '1', '2024-05-23 12:40:41', b'1', NULL), (1718, 1781604279872581694, 1717, 1, 10, 'assistant', 'llama3', 12, 'Connection refused: /[0:0:0:0:0:0:0:1]:80', b'0', '1', '2024-05-22 09:56:22', NULL, '2024-05-23 12:40:41', b'1', NULL), (1719, 1781604279872581694, NULL, 1, 10, 'user', 'llama3', 12, '你是 ollama3 么？', b'0', '1', '2024-05-22 09:56:23', '1', '2024-05-23 12:40:41', b'1', NULL), (1720, 1781604279872581694, 1719, 1, 10, 'assistant', 'llama3', 12, 'Connection refused: /[0:0:0:0:0:0:0:1]:80', b'0', '1', '2024-05-22 09:56:23', NULL, '2024-05-23 12:40:41', b'1', NULL), (1721, 1781604279872581694, NULL, 1, 10, 'user', 'llama3', 12, '你是 ollama3 么？', b'0', '1', '2024-05-22 09:56:24', '1', '2024-05-23 12:40:41', b'1', NULL), (1722, 1781604279872581694, 1721, 1, 10, 'assistant', 'llama3', 12, 'Connection refused: /[0:0:0:0:0:0:0:1]:80', b'0', '1', '2024-05-22 09:56:24', NULL, '2024-05-23 12:40:41', b'1', NULL), (1723, 1781604279872581694, NULL, 1, 10, 'user', 'llama3', 12, '你是 ollama3 么？', b'0', '1', '2024-05-22 09:56:26', '1', '2024-05-23 12:40:41', b'1', NULL), (1724, 1781604279872581694, 1723, 1, 10, 'assistant', 'llama3', 12, 'Connection refused: /[0:0:0:0:0:0:0:1]:80', b'0', '1', '2024-05-22 09:56:26', NULL, '2024-05-23 12:40:41', b'1', NULL), (1725, 1781604279872581694, NULL, 1, 10, 'user', 'llama3', 12, '你是 ollama3 么？', b'0', '1', '2024-05-22 09:56:27', '1', '2024-05-23 12:40:41', b'1', NULL), (1726, 1781604279872581694, 1725, 1, 10, 'assistant', 'llama3', 12, 'Connection refused: /[0:0:0:0:0:0:0:1]:80', b'0', '1', '2024-05-22 09:56:27', NULL, '2024-05-23 12:40:41', b'1', NULL), (1727, 1781604279872581694, NULL, 1, 10, 'user', 'llama3', 12, '你是 ollama3 么？', b'0', '1', '2024-05-22 09:56:28', '1', '2024-05-23 12:40:41', b'1', NULL), (1728, 1781604279872581694, 1727, 1, 10, 'assistant', 'llama3', 12, 'Connection refused: /[0:0:0:0:0:0:0:1]:80', b'0', '1', '2024-05-22 09:56:28', NULL, '2024-05-23 12:40:41', b'1', NULL), (1729, 1781604279872581694, NULL, 1, 10, 'user', 'llama3', 12, '你是 ollama3 么？', b'0', '1', '2024-05-22 09:56:29', '1', '2024-05-23 12:40:41', b'1', NULL), (1730, 1781604279872581694, 1729, 1, 10, 'assistant', 'llama3', 12, 'Connection refused: /[0:0:0:0:0:0:0:1]:80', b'0', '1', '2024-05-22 09:56:29', NULL, '2024-05-23 12:40:41', b'1', NULL), (1731, 1781604279872581694, NULL, 1, 10, 'user', 'llama3', 12, '你是 ollama3 么？', b'0', '1', '2024-05-22 09:56:30', '1', '2024-05-23 12:40:41', b'1', NULL), (1732, 1781604279872581694, 1731, 1, 10, 'assistant', 'llama3', 12, 'Connection refused: /[0:0:0:0:0:0:0:1]:80', b'0', '1', '2024-05-22 09:56:30', NULL, '2024-05-23 12:40:41', b'1', NULL), (1733, 1781604279872581694, NULL, 1, 10, 'user', 'llama3', 12, '你是 ollama3 么？', b'0', '1', '2024-05-22 09:56:31', '1', '2024-05-23 12:40:41', b'1', NULL), (1734, 1781604279872581694, 1733, 1, 10, 'assistant', 'llama3', 12, 'Connection refused: /[0:0:0:0:0:0:0:1]:80', b'0', '1', '2024-05-22 09:56:31', NULL, '2024-05-23 12:40:41', b'1', NULL), (1735, 1781604279872581694, NULL, 1, 10, 'user', 'llama3', 12, '你是 ollama3 么？', b'0', '1', '2024-05-22 09:56:32', '1', '2024-05-23 12:40:41', b'1', NULL), (1736, 1781604279872581694, 1735, 1, 10, 'assistant', 'llama3', 12, 'Connection refused: /[0:0:0:0:0:0:0:1]:80', b'0', '1', '2024-05-22 09:56:32', NULL, '2024-05-23 12:40:41', b'1', NULL), (1737, 1781604279872581694, NULL, 1, 10, 'user', 'llama3', 12, '你是 ollama3 么？', b'0', '1', '2024-05-22 09:56:44', '1', '2024-05-23 12:40:41', b'1', NULL), (1738, 1781604279872581694, 1737, 1, 10, 'assistant', 'llama3', 12, 'Connection refused: /[0:0:0:0:0:0:0:1]:80', b'0', '1', '2024-05-22 09:56:44', NULL, '2024-05-23 12:40:41', b'1', NULL), (1739, 1781604279872581694, NULL, 1, 10, 'user', 'llama3', 12, '你是 ollama3 么？', b'0', '1', '2024-05-22 09:56:45', '1', '2024-05-23 12:40:41', b'1', NULL), (1740, 1781604279872581694, 1739, 1, 10, 'assistant', 'llama3', 12, 'Connection refused: /[0:0:0:0:0:0:0:1]:80', b'0', '1', '2024-05-22 09:56:45', NULL, '2024-05-23 12:40:41', b'1', NULL), (1741, 1781604279872581694, NULL, 1, 10, 'user', 'llama3', 12, '你是 ollama3 么？', b'0', '1', '2024-05-22 09:56:46', '1', '2024-05-23 12:40:41', b'1', NULL), (1742, 1781604279872581694, 1741, 1, 10, 'assistant', 'llama3', 12, 'Connection refused: /[0:0:0:0:0:0:0:1]:80', b'0', '1', '2024-05-22 09:56:46', NULL, '2024-05-23 12:40:41', b'1', NULL), (1743, 1781604279872581694, NULL, 1, 10, 'user', 'llama3', 12, '你是 ollama3 么？', b'0', '1', '2024-05-22 09:56:48', '1', '2024-05-23 12:40:41', b'1', NULL), (1744, 1781604279872581694, 1743, 1, 10, 'assistant', 'llama3', 12, 'Connection refused: /[0:0:0:0:0:0:0:1]:80', b'0', '1', '2024-05-22 09:56:48', NULL, '2024-05-23 12:40:41', b'1', NULL), (1745, 1781604279872581694, NULL, 1, 10, 'user', 'llama3', 12, '你是 ollama3 么？', b'0', '1', '2024-05-22 09:56:50', '1', '2024-05-23 12:40:41', b'1', NULL), (1746, 1781604279872581694, 1745, 1, 10, 'assistant', 'llama3', 12, 'Connection refused: /[0:0:0:0:0:0:0:1]:80', b'0', '1', '2024-05-22 09:56:50', NULL, '2024-05-23 12:40:41', b'1', NULL), (1747, 1781604279872581694, NULL, 1, 10, 'user', 'llama3', 12, '你是 ollama3 么？', b'0', '1', '2024-05-22 09:56:52', '1', '2024-05-23 12:40:41', b'1', NULL), (1748, 1781604279872581694, 1747, 1, 10, 'assistant', 'llama3', 12, 'Connection refused: /[0:0:0:0:0:0:0:1]:80', b'0', '1', '2024-05-22 09:56:52', NULL, '2024-05-23 12:40:41', b'1', NULL), (1749, 1781604279872581694, NULL, 1, 10, 'user', 'llama3', 12, '你是 ollama3 么？', b'0', '1', '2024-05-22 09:56:54', '1', '2024-05-23 12:40:41', b'1', NULL), (1750, 1781604279872581694, 1749, 1, 10, 'assistant', 'llama3', 12, 'Connection refused: /[0:0:0:0:0:0:0:1]:80', b'0', '1', '2024-05-22 09:56:54', NULL, '2024-05-23 12:40:41', b'1', NULL), (1751, 1781604279872581694, NULL, 1, 10, 'user', 'llama3', 12, '你是 ollama3 么？', b'0', '1', '2024-05-22 09:56:56', '1', '2024-05-23 12:40:41', b'1', NULL), (1752, 1781604279872581694, 1751, 1, 10, 'assistant', 'llama3', 12, 'Connection refused: /[0:0:0:0:0:0:0:1]:80', b'0', '1', '2024-05-22 09:56:56', NULL, '2024-05-23 12:40:41', b'1', NULL), (1753, 1781604279872581694, NULL, 1, 10, 'user', 'llama3', 12, '你是 ollama3 么？', b'0', '1', '2024-05-22 09:56:58', '1', '2024-05-23 12:40:41', b'1', NULL), (1754, 1781604279872581694, 1753, 1, 10, 'assistant', 'llama3', 12, 'Connection refused: /[0:0:0:0:0:0:0:1]:80', b'0', '1', '2024-05-22 09:56:58', NULL, '2024-05-23 12:40:41', b'1', NULL), (1755, 1781604279872581694, NULL, 1, 10, 'user', 'llama3', 12, '你是 ollama3 么？', b'0', '1', '2024-05-22 09:57:00', '1', '2024-05-23 12:40:41', b'1', NULL), (1756, 1781604279872581694, 1755, 1, 10, 'assistant', 'llama3', 12, 'Connection refused: /[0:0:0:0:0:0:0:1]:80', b'0', '1', '2024-05-22 09:57:00', NULL, '2024-05-23 12:40:41', b'1', NULL), (1757, 1781604279872581694, NULL, 1, 10, 'user', 'llama3', 12, '你是 ollama3 么？', b'0', '1', '2024-05-22 09:57:01', '1', '2024-05-23 12:40:41', b'1', NULL), (1758, 1781604279872581694, 1757, 1, 10, 'assistant', 'llama3', 12, 'Connection refused: /[0:0:0:0:0:0:0:1]:80', b'0', '1', '2024-05-22 09:57:01', NULL, '2024-05-23 12:40:41', b'1', NULL), (1759, 1781604279872581694, NULL, 1, 10, 'user', 'llama3', 12, '你是 ollama3 么？', b'0', '1', '2024-05-22 09:57:02', '1', '2024-05-23 12:40:41', b'1', NULL), (1760, 1781604279872581694, 1759, 1, 10, 'assistant', 'llama3', 12, 'Connection refused: /[0:0:0:0:0:0:0:1]:80', b'0', '1', '2024-05-22 09:57:02', NULL, '2024-05-23 12:40:41', b'1', NULL), (1761, 1781604279872581694, NULL, 1, 10, 'user', 'llama3', 12, '你是 ollama3 么？', b'0', '1', '2024-05-22 09:57:03', '1', '2024-05-23 12:40:41', b'1', NULL), (1762, 1781604279872581694, 1761, 1, 10, 'assistant', 'llama3', 12, 'Connection refused: /[0:0:0:0:0:0:0:1]:80', b'0', '1', '2024-05-22 09:57:03', NULL, '2024-05-23 12:40:41', b'1', NULL), (1763, 1781604279872581694, NULL, 1, 10, 'user', 'llama3', 12, '你是 ollama3 么？', b'0', '1', '2024-05-22 09:57:04', '1', '2024-05-23 12:40:41', b'1', NULL), (1764, 1781604279872581694, 1763, 1, 10, 'assistant', 'llama3', 12, 'Connection refused: /[0:0:0:0:0:0:0:1]:80', b'0', '1', '2024-05-22 09:57:04', NULL, '2024-05-23 12:40:41', b'1', NULL), (1765, 1781604279872581694, NULL, 1, 10, 'user', 'llama3', 12, '你是 ollama3 么？', b'0', '1', '2024-05-22 09:57:05', '1', '2024-05-23 12:40:41', b'1', NULL), (1766, 1781604279872581694, 1765, 1, 10, 'assistant', 'llama3', 12, 'Connection refused: /[0:0:0:0:0:0:0:1]:80', b'0', '1', '2024-05-22 09:57:05', NULL, '2024-05-23 12:40:41', b'1', NULL), (1767, 1781604279872581694, NULL, 1, 10, 'user', 'llama3', 12, '你是 ollama3 么？', b'0', '1', '2024-05-22 09:57:06', '1', '2024-05-23 12:40:41', b'1', NULL), (1768, 1781604279872581694, 1767, 1, 10, 'assistant', 'llama3', 12, 'Connection refused: /[0:0:0:0:0:0:0:1]:80', b'0', '1', '2024-05-22 09:57:06', NULL, '2024-05-23 12:40:41', b'1', NULL), (1769, 1781604279872581694, NULL, 1, 10, 'user', 'llama3', 12, '你是 ollama3 么？', b'0', '1', '2024-05-22 09:57:07', '1', '2024-05-23 12:40:41', b'1', NULL), (1770, 1781604279872581694, 1769, 1, 10, 'assistant', 'llama3', 12, 'Connection refused: /[0:0:0:0:0:0:0:1]:80', b'0', '1', '2024-05-22 09:57:07', NULL, '2024-05-23 12:40:41', b'1', NULL), (1771, 1781604279872581694, NULL, 1, 10, 'user', 'llama3', 12, '你是 ollama3 么？', b'0', '1', '2024-05-22 09:57:08', '1', '2024-05-23 12:40:41', b'1', NULL), (1772, 1781604279872581694, 1771, 1, 10, 'assistant', 'llama3', 12, 'Connection refused: /[0:0:0:0:0:0:0:1]:80', b'0', '1', '2024-05-22 09:57:08', NULL, '2024-05-23 12:40:41', b'1', NULL), (1773, 1781604279872581694, NULL, 1, 10, 'user', 'llama3', 12, '你是 ollama3 么？', b'0', '1', '2024-05-22 09:57:09', '1', '2024-05-23 12:40:41', b'1', NULL), (1774, 1781604279872581694, 1773, 1, 10, 'assistant', 'llama3', 12, 'Connection refused: /[0:0:0:0:0:0:0:1]:80', b'0', '1', '2024-05-22 09:57:09', NULL, '2024-05-23 12:40:41', b'1', NULL), (1775, 1781604279872581694, NULL, 1, 10, 'user', 'llama3', 12, '你是 ollama3 么？', b'0', '1', '2024-05-22 09:57:10', '1', '2024-05-23 12:40:41', b'1', NULL), (1776, 1781604279872581694, 1775, 1, 10, 'assistant', 'llama3', 12, 'Connection refused: /[0:0:0:0:0:0:0:1]:80', b'0', '1', '2024-05-22 09:57:10', NULL, '2024-05-23 12:40:41', b'1', NULL), (1777, 1781604279872581694, NULL, 1, 10, 'user', 'llama3', 12, '你是 ollama3 么？', b'0', '1', '2024-05-22 09:57:11', '1', '2024-05-23 12:40:41', b'1', NULL), (1778, 1781604279872581694, 1777, 1, 10, 'assistant', 'llama3', 12, 'Connection refused: /[0:0:0:0:0:0:0:1]:80', b'0', '1', '2024-05-22 09:57:11', NULL, '2024-05-23 12:40:41', b'1', NULL), (1779, 1781604279872581694, NULL, 1, 10, 'user', 'llama3', 12, '你是 ollama3 么？', b'0', '1', '2024-05-22 09:57:12', '1', '2024-05-23 12:40:41', b'1', NULL), (1780, 1781604279872581694, 1779, 1, 10, 'assistant', 'llama3', 12, 'Connection refused: /[0:0:0:0:0:0:0:1]:80', b'0', '1', '2024-05-22 09:57:12', NULL, '2024-05-23 12:40:41', b'1', NULL), (1781, 1781604279872581694, NULL, 1, 10, 'user', 'llama3', 12, '你是 ollama3 么？', b'0', '1', '2024-05-22 09:57:13', '1', '2024-05-23 12:40:41', b'1', NULL), (1782, 1781604279872581694, 1781, 1, 10, 'assistant', 'llama3', 12, 'Connection refused: /[0:0:0:0:0:0:0:1]:80', b'0', '1', '2024-05-22 09:57:13', NULL, '2024-05-23 12:40:41', b'1', NULL), (1783, 1781604279872581694, NULL, 1, 10, 'user', 'llama3', 12, '你是 ollama3 么？', b'0', '1', '2024-05-22 09:57:14', '1', '2024-05-23 12:40:41', b'1', NULL), (1784, 1781604279872581694, 1783, 1, 10, 'assistant', 'llama3', 12, 'Connection refused: /[0:0:0:0:0:0:0:1]:80', b'0', '1', '2024-05-22 09:57:14', NULL, '2024-05-23 12:40:41', b'1', NULL), (1785, 1781604279872581694, NULL, 1, 10, 'user', 'llama3', 12, '你是 ollama3 么？', b'0', '1', '2024-05-22 09:57:15', '1', '2024-05-23 12:40:41', b'1', NULL), (1786, 1781604279872581694, 1785, 1, 10, 'assistant', 'llama3', 12, 'Connection refused: /[0:0:0:0:0:0:0:1]:80', b'0', '1', '2024-05-22 09:57:15', NULL, '2024-05-23 12:40:41', b'1', NULL), (1787, 1781604279872581694, NULL, 1, 10, 'user', 'llama3', 12, '你是 ollama3 么？', b'0', '1', '2024-05-22 09:57:16', '1', '2024-05-23 12:40:41', b'1', NULL), (1788, 1781604279872581694, 1787, 1, 10, 'assistant', 'llama3', 12, 'Connection refused: /[0:0:0:0:0:0:0:1]:80', b'0', '1', '2024-05-22 09:57:16', NULL, '2024-05-23 12:40:41', b'1', NULL), (1789, 1781604279872581694, NULL, 1, 10, 'user', 'llama3', 12, '你是 ollama3 么？', b'0', '1', '2024-05-22 09:57:17', '1', '2024-05-23 12:40:41', b'1', NULL), (1790, 1781604279872581694, 1789, 1, 10, 'assistant', 'llama3', 12, 'Connection refused: /[0:0:0:0:0:0:0:1]:80', b'0', '1', '2024-05-22 09:57:17', NULL, '2024-05-23 12:40:41', b'1', NULL), (1791, 1781604279872581694, NULL, 1, 10, 'user', 'llama3', 12, '你是 ollama3 么？', b'0', '1', '2024-05-22 09:57:18', '1', '2024-05-23 12:40:41', b'1', NULL), (1792, 1781604279872581694, 1791, 1, 10, 'assistant', 'llama3', 12, 'Connection refused: /[0:0:0:0:0:0:0:1]:80', b'0', '1', '2024-05-22 09:57:18', NULL, '2024-05-23 12:40:41', b'1', NULL), (1793, 1781604279872581694, NULL, 1, 10, 'user', 'llama3', 12, '你是 ollama3 么？', b'0', '1', '2024-05-22 09:57:19', '1', '2024-05-23 12:40:41', b'1', NULL), (1794, 1781604279872581694, 1793, 1, 10, 'assistant', 'llama3', 12, 'Connection refused: /[0:0:0:0:0:0:0:1]:80', b'0', '1', '2024-05-22 09:57:20', NULL, '2024-05-23 12:40:41', b'1', NULL), (1795, 1781604279872581694, NULL, 1, 10, 'user', 'llama3', 12, '你是 ollama3 么？', b'0', '1', '2024-05-22 09:57:21', '1', '2024-05-23 12:40:41', b'1', NULL), (1796, 1781604279872581694, 1795, 1, 10, 'assistant', 'llama3', 12, 'Connection refused: /[0:0:0:0:0:0:0:1]:80', b'0', '1', '2024-05-22 09:57:21', NULL, '2024-05-23 12:40:41', b'1', NULL), (1797, 1781604279872581694, NULL, 1, 10, 'user', 'llama3', 12, '你是 ollama3 么？', b'0', '1', '2024-05-22 09:57:22', '1', '2024-05-23 12:40:41', b'1', NULL), (1798, 1781604279872581694, 1797, 1, 10, 'assistant', 'llama3', 12, 'Connection refused: /[0:0:0:0:0:0:0:1]:80', b'0', '1', '2024-05-22 09:57:22', NULL, '2024-05-23 12:40:41', b'1', NULL), (1799, 1781604279872581694, NULL, 1, 10, 'user', 'llama3', 12, '你是 ollama3 么？', b'0', '1', '2024-05-22 09:57:23', '1', '2024-05-23 12:40:41', b'1', NULL), (1800, 1781604279872581694, 1799, 1, 10, 'assistant', 'llama3', 12, 'Connection refused: /[0:0:0:0:0:0:0:1]:80', b'0', '1', '2024-05-22 09:57:23', NULL, '2024-05-23 12:40:41', b'1', NULL), (1801, 1781604279872581694, NULL, 1, 10, 'user', 'llama3', 12, '你是 ollama3 么？', b'0', '1', '2024-05-22 09:57:24', '1', '2024-05-23 12:40:41', b'1', NULL), (1802, 1781604279872581694, 1801, 1, 10, 'assistant', 'llama3', 12, 'Connection refused: /[0:0:0:0:0:0:0:1]:80', b'0', '1', '2024-05-22 09:57:24', NULL, '2024-05-23 12:40:41', b'1', NULL), (1803, 1781604279872581694, NULL, 1, 10, 'user', 'llama3', 12, '你是 ollama3 么？', b'0', '1', '2024-05-22 09:57:25', '1', '2024-05-23 12:40:41', b'1', NULL), (1804, 1781604279872581694, 1803, 1, 10, 'assistant', 'llama3', 12, 'Connection refused: /[0:0:0:0:0:0:0:1]:80', b'0', '1', '2024-05-22 09:57:25', NULL, '2024-05-23 12:40:41', b'1', NULL), (1805, 1781604279872581694, NULL, 1, 10, 'user', 'llama3', 12, '你是 ollama3 么？', b'0', '1', '2024-05-22 09:57:26', '1', '2024-05-23 12:40:41', b'1', NULL), (1806, 1781604279872581694, 1805, 1, 10, 'assistant', 'llama3', 12, 'Connection refused: /[0:0:0:0:0:0:0:1]:80', b'0', '1', '2024-05-22 09:57:26', NULL, '2024-05-23 12:40:41', b'1', NULL), (1807, 1781604279872581694, NULL, 1, 10, 'user', 'llama3', 12, '你是 ollama3 么？', b'0', '1', '2024-05-22 09:57:27', '1', '2024-05-23 12:40:41', b'1', NULL), (1808, 1781604279872581694, 1807, 1, 10, 'assistant', 'llama3', 12, 'Connection refused: /[0:0:0:0:0:0:0:1]:80', b'0', '1', '2024-05-22 09:57:27', NULL, '2024-05-23 12:40:41', b'1', NULL), (1809, 1781604279872581694, NULL, 1, 10, 'user', 'llama3', 12, '你是 ollama3 么？', b'0', '1', '2024-05-22 09:57:28', '1', '2024-05-23 12:40:41', b'1', NULL), (1810, 1781604279872581694, 1809, 1, 10, 'assistant', 'llama3', 12, '404 Not Found from POST http://127.0.0.1:11434/api/chat', b'0', '1', '2024-05-22 09:57:28', NULL, '2024-05-23 12:40:41', b'1', NULL), (1811, 1781604279872581694, NULL, 1, 10, 'user', 'llama3', 12, '你是 ollama3 么？', b'0', '1', '2024-05-22 09:57:29', '1', '2024-05-23 12:40:41', b'1', NULL), (1812, 1781604279872581694, 1811, 1, 10, 'assistant', 'llama3', 12, '404 Not Found from POST http://127.0.0.1:11434/api/chat', b'0', '1', '2024-05-22 09:57:29', NULL, '2024-05-23 12:40:41', b'1', NULL), (1813, 1781604279872581694, NULL, 1, 10, 'user', 'llama3', 12, '你是 ollama3 么？', b'0', '1', '2024-05-22 09:57:30', '1', '2024-05-23 12:40:41', b'1', NULL), (1814, 1781604279872581694, 1813, 1, 10, 'assistant', 'llama3', 12, '404 Not Found from POST http://127.0.0.1:11434/api/chat', b'0', '1', '2024-05-22 09:57:30', NULL, '2024-05-23 12:40:41', b'1', NULL), (1815, 1781604279872581694, NULL, 1, 10, 'user', 'llama3', 12, '你是 ollama3 么？', b'0', '1', '2024-05-22 09:57:31', '1', '2024-05-23 12:40:41', b'1', NULL), (1816, 1781604279872581694, 1815, 1, 10, 'assistant', 'llama3', 12, '404 Not Found from POST http://127.0.0.1:11434/api/chat', b'0', '1', '2024-05-22 09:57:31', NULL, '2024-05-23 12:40:41', b'1', NULL), (1817, 1781604279872581694, NULL, 1, 10, 'user', 'llama3', 12, '你是 ollama3 么？', b'0', '1', '2024-05-22 09:57:32', '1', '2024-05-23 12:40:41', b'1', NULL), (1818, 1781604279872581694, 1817, 1, 10, 'assistant', 'llama3', 12, '404 Not Found from POST http://127.0.0.1:11434/api/chat', b'0', '1', '2024-05-22 09:57:32', NULL, '2024-05-23 12:40:41', b'1', NULL), (1819, 1781604279872581694, NULL, 1, 10, 'user', 'llama3', 12, '你是 ollama3 么？', b'0', '1', '2024-05-22 09:57:33', '1', '2024-05-23 12:40:41', b'1', NULL), (1820, 1781604279872581694, 1819, 1, 10, 'assistant', 'llama3', 12, '404 Not Found from POST http://127.0.0.1:11434/api/chat', b'0', '1', '2024-05-22 09:57:33', NULL, '2024-05-23 12:40:41', b'1', NULL), (1821, 1781604279872581694, NULL, 1, 10, 'user', 'llama3', 12, '你是 ollama3 么？', b'0', '1', '2024-05-22 09:57:34', '1', '2024-05-23 12:40:41', b'1', NULL), (1822, 1781604279872581694, 1821, 1, 10, 'assistant', 'llama3', 12, '404 Not Found from POST http://127.0.0.1:11434/api/chat', b'0', '1', '2024-05-22 09:57:34', NULL, '2024-05-23 12:40:41', b'1', NULL);
INSERT INTO `ai_chat_message` (`id`, `conversation_id`, `reply_id`, `user_id`, `role_id`, `type`, `model`, `model_id`, `content`, `use_context`, `creator`, `create_time`, `updater`, `update_time`, `deleted`, `tenant_id`) VALUES (1823, 1781604279872581694, NULL, 1, 10, 'user', 'llama3', 12, '你是 ollama3 么？', b'0', '1', '2024-05-22 09:57:35', '1', '2024-05-23 12:40:41', b'1', NULL), (1824, 1781604279872581694, 1823, 1, 10, 'assistant', 'llama3', 12, '404 Not Found from POST http://127.0.0.1:11434/api/chat', b'0', '1', '2024-05-22 09:57:35', NULL, '2024-05-23 12:40:41', b'1', NULL), (1825, 1781604279872581694, NULL, 1, 10, 'user', 'llama3', 12, '你是 ollama3 么？', b'0', '1', '2024-05-22 09:57:36', '1', '2024-05-23 12:40:41', b'1', NULL), (1826, 1781604279872581694, 1825, 1, 10, 'assistant', 'llama3', 12, '404 Not Found from POST http://127.0.0.1:11434/api/chat', b'0', '1', '2024-05-22 09:57:36', NULL, '2024-05-23 12:40:41', b'1', NULL), (1827, 1781604279872581694, NULL, 1, 10, 'user', 'llama3', 12, '你是 ollama3 么？', b'0', '1', '2024-05-22 09:57:37', '1', '2024-05-23 12:40:41', b'1', NULL), (1828, 1781604279872581694, 1827, 1, 10, 'assistant', 'llama3', 12, '404 Not Found from POST http://127.0.0.1:11434/api/chat', b'0', '1', '2024-05-22 09:57:37', NULL, '2024-05-23 12:40:41', b'1', NULL), (1829, 1781604279872581694, NULL, 1, 10, 'user', 'llama3', 12, '你是 ollama3 么？', b'0', '1', '2024-05-22 09:57:38', '1', '2024-05-23 12:40:41', b'1', NULL), (1830, 1781604279872581694, 1829, 1, 10, 'assistant', 'llama3', 12, '404 Not Found from POST http://127.0.0.1:11434/api/chat', b'0', '1', '2024-05-22 09:57:38', NULL, '2024-05-23 12:40:41', b'1', NULL), (1831, 1781604279872581694, NULL, 1, 10, 'user', 'llama3', 12, '你好呀', b'0', '1', '2024-05-22 09:57:38', '1', '2024-05-23 12:40:41', b'1', NULL), (1832, 1781604279872581694, 1831, 1, 10, 'assistant', 'llama3', 12, '404 Not Found from POST http://127.0.0.1:11434/api/chat', b'0', '1', '2024-05-22 09:57:38', NULL, '2024-05-23 12:40:41', b'1', NULL), (1833, 1781604279872581694, NULL, 1, 10, 'user', 'llama3', 12, '你是 ollama3 么？', b'0', '1', '2024-05-22 09:57:39', '1', '2024-05-23 12:40:41', b'1', NULL), (1834, 1781604279872581694, 1833, 1, 10, 'assistant', 'llama3', 12, '404 Not Found from POST http://127.0.0.1:11434/api/chat', b'0', '1', '2024-05-22 09:57:39', NULL, '2024-05-23 12:40:41', b'1', NULL), (1835, 1781604279872581694, NULL, 1, 10, 'user', 'llama3', 12, '你好呀', b'0', '1', '2024-05-22 09:57:39', '1', '2024-05-23 12:40:41', b'1', NULL), (1836, 1781604279872581694, 1835, 1, 10, 'assistant', 'llama3', 12, '404 Not Found from POST http://127.0.0.1:11434/api/chat', b'0', '1', '2024-05-22 09:57:39', NULL, '2024-05-23 12:40:41', b'1', NULL), (1837, 1781604279872581694, NULL, 1, 10, 'user', 'llama3', 12, '你是 ollama3 么？', b'0', '1', '2024-05-22 09:57:40', '1', '2024-05-23 12:40:41', b'1', NULL), (1838, 1781604279872581694, 1837, 1, 10, 'assistant', 'llama3', 12, '404 Not Found from POST http://127.0.0.1:11434/api/chat', b'0', '1', '2024-05-22 09:57:40', NULL, '2024-05-23 12:40:41', b'1', NULL), (1839, 1781604279872581694, NULL, 1, 10, 'user', 'llama3', 12, '你好呀', b'0', '1', '2024-05-22 09:57:41', '1', '2024-05-23 12:40:41', b'1', NULL), (1840, 1781604279872581694, 1839, 1, 10, 'assistant', 'llama3', 12, '404 Not Found from POST http://127.0.0.1:11434/api/chat', b'0', '1', '2024-05-22 09:57:41', NULL, '2024-05-23 12:40:41', b'1', NULL), (1841, 1781604279872581694, NULL, 1, 10, 'user', 'llama3', 12, '你是 ollama3 么？', b'0', '1', '2024-05-22 09:57:41', '1', '2024-05-23 12:40:41', b'1', NULL), (1842, 1781604279872581694, 1841, 1, 10, 'assistant', 'llama3', 12, '404 Not Found from POST http://127.0.0.1:11434/api/chat', b'0', '1', '2024-05-22 09:57:41', NULL, '2024-05-23 12:40:41', b'1', NULL), (1843, 1781604279872581694, NULL, 1, 10, 'user', 'llama3', 12, '你好呀', b'0', '1', '2024-05-22 09:57:42', '1', '2024-05-23 12:40:41', b'1', NULL), (1844, 1781604279872581694, 1843, 1, 10, 'assistant', 'llama3', 12, '404 Not Found from POST http://127.0.0.1:11434/api/chat', b'0', '1', '2024-05-22 09:57:42', NULL, '2024-05-23 12:40:41', b'1', NULL), (1845, 1781604279872581694, NULL, 1, 10, 'user', 'llama3', 12, '你是 ollama3 么？', b'0', '1', '2024-05-22 09:57:42', '1', '2024-05-23 12:40:41', b'1', NULL), (1846, 1781604279872581694, 1845, 1, 10, 'assistant', 'llama3', 12, '404 Not Found from POST http://127.0.0.1:11434/api/chat', b'0', '1', '2024-05-22 09:57:42', NULL, '2024-05-23 12:40:41', b'1', NULL), (1847, 1781604279872581694, NULL, 1, 10, 'user', 'llama3', 12, '你好呀', b'0', '1', '2024-05-22 09:57:43', '1', '2024-05-23 12:40:41', b'1', NULL), (1848, 1781604279872581694, 1847, 1, 10, 'assistant', 'llama3', 12, '404 Not Found from POST http://127.0.0.1:11434/api/chat', b'0', '1', '2024-05-22 09:57:43', NULL, '2024-05-23 12:40:41', b'1', NULL), (1849, 1781604279872581694, NULL, 1, 10, 'user', 'llama3', 12, '你是 ollama3 么？', b'0', '1', '2024-05-22 09:57:43', '1', '2024-05-23 12:40:41', b'1', NULL), (1850, 1781604279872581694, 1849, 1, 10, 'assistant', 'llama3', 12, '404 Not Found from POST http://127.0.0.1:11434/api/chat', b'0', '1', '2024-05-22 09:57:43', NULL, '2024-05-23 12:40:41', b'1', NULL), (1851, 1781604279872581694, NULL, 1, 10, 'user', 'llama3', 12, '你好呀', b'0', '1', '2024-05-22 09:57:44', '1', '2024-05-23 12:40:41', b'1', NULL), (1852, 1781604279872581694, 1851, 1, 10, 'assistant', 'llama3', 12, '404 Not Found from POST http://127.0.0.1:11434/api/chat', b'0', '1', '2024-05-22 09:57:44', NULL, '2024-05-23 12:40:41', b'1', NULL), (1853, 1781604279872581694, NULL, 1, 10, 'user', 'llama3', 12, '你是 ollama3 么？', b'0', '1', '2024-05-22 09:57:44', '1', '2024-05-23 12:40:41', b'1', NULL), (1854, 1781604279872581694, 1853, 1, 10, 'assistant', 'llama3', 12, '404 Not Found from POST http://127.0.0.1:11434/api/chat', b'0', '1', '2024-05-22 09:57:44', NULL, '2024-05-23 12:40:41', b'1', NULL), (1855, 1781604279872581694, NULL, 1, 10, 'user', 'llama3', 12, '你好呀', b'0', '1', '2024-05-22 09:57:45', '1', '2024-05-23 12:40:41', b'1', NULL), (1856, 1781604279872581694, 1855, 1, 10, 'assistant', 'llama3', 12, '404 Not Found from POST http://127.0.0.1:11434/api/chat', b'0', '1', '2024-05-22 09:57:45', NULL, '2024-05-23 12:40:41', b'1', NULL), (1857, 1781604279872581694, NULL, 1, 10, 'user', 'llama3', 12, '你是 ollama3 么？', b'0', '1', '2024-05-22 09:57:45', '1', '2024-05-23 12:40:41', b'1', NULL), (1858, 1781604279872581694, 1857, 1, 10, 'assistant', 'llama3', 12, '404 Not Found from POST http://127.0.0.1:11434/api/chat', b'0', '1', '2024-05-22 09:57:45', NULL, '2024-05-23 12:40:41', b'1', NULL), (1859, 1781604279872581694, NULL, 1, 10, 'user', 'llama3', 12, '你好呀', b'0', '1', '2024-05-22 09:57:46', '1', '2024-05-23 12:40:41', b'1', NULL), (1860, 1781604279872581694, 1859, 1, 10, 'assistant', 'llama3', 12, '404 Not Found from POST http://127.0.0.1:11434/api/chat', b'0', '1', '2024-05-22 09:57:46', NULL, '2024-05-23 12:40:41', b'1', NULL), (1861, 1781604279872581694, NULL, 1, 10, 'user', 'llama3', 12, '你是 ollama3 么？', b'0', '1', '2024-05-22 09:57:47', '1', '2024-05-23 12:40:41', b'1', NULL), (1862, 1781604279872581694, 1861, 1, 10, 'assistant', 'llama3', 12, '404 Not Found from POST http://127.0.0.1:11434/api/chat', b'0', '1', '2024-05-22 09:57:47', NULL, '2024-05-23 12:40:41', b'1', NULL), (1863, 1781604279872581694, NULL, 1, 10, 'user', 'llama3', 12, '你好呀', b'0', '1', '2024-05-22 09:57:47', '1', '2024-05-23 12:40:41', b'1', NULL), (1864, 1781604279872581694, 1863, 1, 10, 'assistant', 'llama3', 12, '404 Not Found from POST http://127.0.0.1:11434/api/chat', b'0', '1', '2024-05-22 09:57:47', NULL, '2024-05-23 12:40:41', b'1', NULL), (1865, 1781604279872581694, NULL, 1, 10, 'user', 'llama3', 12, '你是 ollama3 么？', b'0', '1', '2024-05-22 09:57:48', '1', '2024-05-23 12:40:41', b'1', NULL), (1866, 1781604279872581694, 1865, 1, 10, 'assistant', 'llama3', 12, '404 Not Found from POST http://127.0.0.1:11434/api/chat', b'0', '1', '2024-05-22 09:57:48', NULL, '2024-05-23 12:40:41', b'1', NULL), (1867, 1781604279872581694, NULL, 1, 10, 'user', 'llama3', 12, '你好呀', b'0', '1', '2024-05-22 09:57:48', '1', '2024-05-23 12:40:41', b'1', NULL), (1868, 1781604279872581694, 1867, 1, 10, 'assistant', 'llama3', 12, '404 Not Found from POST http://127.0.0.1:11434/api/chat', b'0', '1', '2024-05-22 09:57:48', NULL, '2024-05-23 12:40:41', b'1', NULL), (1869, 1781604279872581694, NULL, 1, 10, 'user', 'llama3', 12, '你好呀', b'0', '1', '2024-05-22 09:57:49', '1', '2024-05-23 12:40:41', b'1', NULL), (1870, 1781604279872581694, NULL, 1, 10, 'user', 'llama3', 12, '你是 ollama3 么？', b'0', '1', '2024-05-22 09:57:49', '1', '2024-05-23 12:40:41', b'1', NULL), (1871, 1781604279872581694, 1870, 1, 10, 'assistant', 'llama3', 12, '404 Not Found from POST http://127.0.0.1:11434/api/chat', b'0', '1', '2024-05-22 09:57:49', NULL, '2024-05-23 12:40:41', b'1', NULL), (1872, 1781604279872581694, 1869, 1, 10, 'assistant', 'llama3', 12, '404 Not Found from POST http://127.0.0.1:11434/api/chat', b'0', '1', '2024-05-22 09:57:49', NULL, '2024-05-23 12:40:41', b'1', NULL), (1873, 1781604279872581694, NULL, 1, 10, 'user', 'llama3', 12, '你是 ollama3 么？', b'0', '1', '2024-05-22 09:57:51', '1', '2024-05-23 12:40:41', b'1', NULL), (1874, 1781604279872581694, NULL, 1, 10, 'user', 'llama3', 12, '你好呀', b'0', '1', '2024-05-22 09:57:51', '1', '2024-05-23 12:40:41', b'1', NULL), (1875, 1781604279872581694, 1873, 1, 10, 'assistant', 'llama3', 12, '404 Not Found from POST http://127.0.0.1:11434/api/chat', b'0', '1', '2024-05-22 09:57:51', NULL, '2024-05-23 12:40:41', b'1', NULL), (1876, 1781604279872581694, 1874, 1, 10, 'assistant', 'llama3', 12, '404 Not Found from POST http://127.0.0.1:11434/api/chat', b'0', '1', '2024-05-22 09:57:51', NULL, '2024-05-23 12:40:41', b'1', NULL), (1877, 1781604279872581694, NULL, 1, 10, 'user', 'llama3', 12, '你好呀', b'0', '1', '2024-05-22 09:57:53', '1', '2024-05-23 12:40:41', b'1', NULL), (1878, 1781604279872581694, NULL, 1, 10, 'user', 'llama3', 12, '你是 ollama3 么？', b'0', '1', '2024-05-22 09:57:53', '1', '2024-05-23 12:40:41', b'1', NULL), (1879, 1781604279872581694, 1877, 1, 10, 'assistant', 'llama3', 12, '404 Not Found from POST http://127.0.0.1:11434/api/chat', b'0', '1', '2024-05-22 09:57:53', NULL, '2024-05-23 12:40:41', b'1', NULL), (1880, 1781604279872581694, 1878, 1, 10, 'assistant', 'llama3', 12, '404 Not Found from POST http://127.0.0.1:11434/api/chat', b'0', '1', '2024-05-22 09:57:53', NULL, '2024-05-23 12:40:41', b'1', NULL), (1881, 1781604279872581694, NULL, 1, 10, 'user', 'llama3', 12, '你好呀', b'0', '1', '2024-05-22 09:57:55', '1', '2024-05-23 12:40:41', b'1', NULL), (1882, 1781604279872581694, NULL, 1, 10, 'user', 'llama3', 12, '你是 ollama3 么？', b'0', '1', '2024-05-22 09:57:55', '1', '2024-05-23 12:40:41', b'1', NULL), (1883, 1781604279872581694, 1881, 1, 10, 'assistant', 'llama3', 12, '404 Not Found from POST http://127.0.0.1:11434/api/chat', b'0', '1', '2024-05-22 09:57:55', NULL, '2024-05-23 12:40:41', b'1', NULL), (1884, 1781604279872581694, 1882, 1, 10, 'assistant', 'llama3', 12, '404 Not Found from POST http://127.0.0.1:11434/api/chat', b'0', '1', '2024-05-22 09:57:55', NULL, '2024-05-23 12:40:41', b'1', NULL), (1885, 1781604279872581694, NULL, 1, 10, 'user', 'llama3', 12, '你是 ollama3 么？', b'0', '1', '2024-05-22 09:57:57', '1', '2024-05-23 12:40:41', b'1', NULL), (1886, 1781604279872581694, NULL, 1, 10, 'user', 'llama3', 12, '你好呀', b'0', '1', '2024-05-22 09:57:57', '1', '2024-05-23 12:40:41', b'1', NULL), (1887, 1781604279872581694, 1885, 1, 10, 'assistant', 'llama3', 12, '404 Not Found from POST http://127.0.0.1:11434/api/chat', b'0', '1', '2024-05-22 09:57:57', NULL, '2024-05-23 12:40:41', b'1', NULL), (1888, 1781604279872581694, 1886, 1, 10, 'assistant', 'llama3', 12, '404 Not Found from POST http://127.0.0.1:11434/api/chat', b'0', '1', '2024-05-22 09:57:57', NULL, '2024-05-23 12:40:41', b'1', NULL), (1889, 1781604279872581694, NULL, 1, 10, 'user', 'llama3', 12, '你好呀', b'0', '1', '2024-05-22 09:57:58', '1', '2024-05-23 12:40:41', b'1', NULL), (1890, 1781604279872581694, NULL, 1, 10, 'user', 'llama3', 12, '你是 ollama3 么？', b'0', '1', '2024-05-22 09:57:58', '1', '2024-05-23 12:40:41', b'1', NULL), (1891, 1781604279872581694, 1889, 1, 10, 'assistant', 'llama3', 12, '404 Not Found from POST http://127.0.0.1:11434/api/chat', b'0', '1', '2024-05-22 09:57:58', NULL, '2024-05-23 12:40:41', b'1', NULL), (1892, 1781604279872581694, 1890, 1, 10, 'assistant', 'llama3', 12, '404 Not Found from POST http://127.0.0.1:11434/api/chat', b'0', '1', '2024-05-22 09:57:58', NULL, '2024-05-23 12:40:41', b'1', NULL), (1893, 1781604279872581694, NULL, 1, 10, 'user', 'llama3', 12, '你是 ollama3 么？', b'0', '1', '2024-05-22 09:57:59', '1', '2024-05-23 12:40:41', b'1', NULL), (1894, 1781604279872581694, NULL, 1, 10, 'user', 'llama3', 12, '你好呀', b'0', '1', '2024-05-22 09:57:59', '1', '2024-05-23 12:40:41', b'1', NULL), (1895, 1781604279872581694, 1893, 1, 10, 'assistant', 'llama3', 12, '404 Not Found from POST http://127.0.0.1:11434/api/chat', b'0', '1', '2024-05-22 09:57:59', NULL, '2024-05-23 12:40:41', b'1', NULL), (1896, 1781604279872581694, 1894, 1, 10, 'assistant', 'llama3', 12, '404 Not Found from POST http://127.0.0.1:11434/api/chat', b'0', '1', '2024-05-22 09:57:59', NULL, '2024-05-23 12:40:41', b'1', NULL), (1897, 1781604279872581694, NULL, 1, 10, 'user', 'llama3', 12, '你好呀', b'0', '1', '2024-05-22 09:58:00', '1', '2024-05-23 12:40:41', b'1', NULL), (1898, 1781604279872581694, NULL, 1, 10, 'user', 'llama3', 12, '你是 ollama3 么？', b'0', '1', '2024-05-22 09:58:00', '1', '2024-05-23 12:40:41', b'1', NULL), (1899, 1781604279872581694, 1897, 1, 10, 'assistant', 'llama3', 12, '404 Not Found from POST http://127.0.0.1:11434/api/chat', b'0', '1', '2024-05-22 09:58:00', NULL, '2024-05-23 12:40:41', b'1', NULL), (1900, 1781604279872581694, 1898, 1, 10, 'assistant', 'llama3', 12, '404 Not Found from POST http://127.0.0.1:11434/api/chat', b'0', '1', '2024-05-22 09:58:00', NULL, '2024-05-23 12:40:41', b'1', NULL), (1901, 1781604279872581694, NULL, 1, 10, 'user', 'llama3', 12, '你好呀', b'0', '1', '2024-05-22 09:58:01', '1', '2024-05-23 12:40:41', b'1', NULL), (1902, 1781604279872581694, NULL, 1, 10, 'user', 'llama3', 12, '你是 ollama3 么？', b'0', '1', '2024-05-22 09:58:01', '1', '2024-05-23 12:40:41', b'1', NULL), (1903, 1781604279872581694, 1901, 1, 10, 'assistant', 'llama3', 12, '404 Not Found from POST http://127.0.0.1:11434/api/chat', b'0', '1', '2024-05-22 09:58:01', NULL, '2024-05-23 12:40:41', b'1', NULL), (1904, 1781604279872581694, 1902, 1, 10, 'assistant', 'llama3', 12, '404 Not Found from POST http://127.0.0.1:11434/api/chat', b'0', '1', '2024-05-22 09:58:01', NULL, '2024-05-23 12:40:41', b'1', NULL), (1905, 1781604279872581694, NULL, 1, 10, 'user', 'llama3', 12, '你好呀', b'0', '1', '2024-05-22 09:58:02', '1', '2024-05-23 12:40:41', b'1', NULL), (1906, 1781604279872581694, NULL, 1, 10, 'user', 'llama3', 12, '你是 ollama3 么？', b'0', '1', '2024-05-22 09:58:02', '1', '2024-05-23 12:40:41', b'1', NULL), (1907, 1781604279872581694, 1906, 1, 10, 'assistant', 'llama3', 12, '404 Not Found from POST http://127.0.0.1:11434/api/chat', b'0', '1', '2024-05-22 09:58:02', NULL, '2024-05-23 12:40:41', b'1', NULL), (1908, 1781604279872581694, 1905, 1, 10, 'assistant', 'llama3', 12, '404 Not Found from POST http://127.0.0.1:11434/api/chat', b'0', '1', '2024-05-22 09:58:02', NULL, '2024-05-23 12:40:41', b'1', NULL), (1909, 1781604279872581694, NULL, 1, 10, 'user', 'llama3', 12, '你好呀', b'0', '1', '2024-05-22 09:58:03', '1', '2024-05-23 12:40:41', b'1', NULL), (1910, 1781604279872581694, 1909, 1, 10, 'assistant', 'llama3', 12, '404 Not Found from POST http://127.0.0.1:11434/api/chat', b'0', '1', '2024-05-22 09:58:03', NULL, '2024-05-23 12:40:41', b'1', NULL), (1911, 1781604279872581694, NULL, 1, 10, 'user', 'llama3', 12, '你是 ollama3 么？', b'0', '1', '2024-05-22 09:58:03', '1', '2024-05-23 12:40:41', b'1', NULL), (1912, 1781604279872581694, 1911, 1, 10, 'assistant', 'llama3', 12, '404 Not Found from POST http://127.0.0.1:11434/api/chat', b'0', '1', '2024-05-22 09:58:03', NULL, '2024-05-23 12:40:41', b'1', NULL), (1913, 1781604279872581694, NULL, 1, 10, 'user', 'llama3', 12, '你好呀', b'0', '1', '2024-05-22 09:58:04', '1', '2024-05-23 12:40:41', b'1', NULL), (1914, 1781604279872581694, NULL, 1, 10, 'user', 'llama3', 12, '你是 ollama3 么？', b'0', '1', '2024-05-22 09:58:04', '1', '2024-05-23 12:40:41', b'1', NULL), (1915, 1781604279872581694, 1913, 1, 10, 'assistant', 'llama3', 12, '404 Not Found from POST http://127.0.0.1:11434/api/chat', b'0', '1', '2024-05-22 09:58:04', NULL, '2024-05-23 12:40:41', b'1', NULL), (1916, 1781604279872581694, 1914, 1, 10, 'assistant', 'llama3', 12, '404 Not Found from POST http://127.0.0.1:11434/api/chat', b'0', '1', '2024-05-22 09:58:04', NULL, '2024-05-23 12:40:41', b'1', NULL), (1917, 1781604279872581694, NULL, 1, 10, 'user', 'llama3', 12, '你是 ollama3 么？', b'0', '1', '2024-05-22 09:58:05', '1', '2024-05-23 12:40:41', b'1', NULL), (1918, 1781604279872581694, NULL, 1, 10, 'user', 'llama3', 12, '你好呀', b'0', '1', '2024-05-22 09:58:05', '1', '2024-05-23 12:40:41', b'1', NULL), (1919, 1781604279872581694, 1918, 1, 10, 'assistant', 'llama3', 12, '404 Not Found from POST http://127.0.0.1:11434/api/chat', b'0', '1', '2024-05-22 09:58:05', NULL, '2024-05-23 12:40:41', b'1', NULL), (1920, 1781604279872581694, 1917, 1, 10, 'assistant', 'llama3', 12, '404 Not Found from POST http://127.0.0.1:11434/api/chat', b'0', '1', '2024-05-22 09:58:05', NULL, '2024-05-23 12:40:41', b'1', NULL), (1921, 1781604279872581694, NULL, 1, 10, 'user', 'llama3', 12, '你是 ollama3 么？', b'0', '1', '2024-05-22 09:58:07', '1', '2024-05-23 12:40:41', b'1', NULL), (1922, 1781604279872581694, NULL, 1, 10, 'user', 'llama3', 12, '你好呀', b'0', '1', '2024-05-22 09:58:07', '1', '2024-05-23 12:40:41', b'1', NULL), (1923, 1781604279872581694, 1922, 1, 10, 'assistant', 'llama3', 12, '404 Not Found from POST http://127.0.0.1:11434/api/chat', b'0', '1', '2024-05-22 09:58:07', NULL, '2024-05-23 12:40:41', b'1', NULL), (1924, 1781604279872581694, 1921, 1, 10, 'assistant', 'llama3', 12, '404 Not Found from POST http://127.0.0.1:11434/api/chat', b'0', '1', '2024-05-22 09:58:07', NULL, '2024-05-23 12:40:41', b'1', NULL), (1925, 1781604279872581694, NULL, 1, 10, 'user', 'llama3', 12, '你是 ollama3 么？', b'0', '1', '2024-05-22 09:58:08', '1', '2024-05-23 12:40:41', b'1', NULL), (1926, 1781604279872581694, NULL, 1, 10, 'user', 'llama3', 12, '你好呀', b'0', '1', '2024-05-22 09:58:08', '1', '2024-05-23 12:40:41', b'1', NULL), (1927, 1781604279872581694, 1925, 1, 10, 'assistant', 'llama3', 12, '404 Not Found from POST http://127.0.0.1:11434/api/chat', b'0', '1', '2024-05-22 09:58:08', NULL, '2024-05-23 12:40:41', b'1', NULL), (1928, 1781604279872581694, 1926, 1, 10, 'assistant', 'llama3', 12, '404 Not Found from POST http://127.0.0.1:11434/api/chat', b'0', '1', '2024-05-22 09:58:08', NULL, '2024-05-23 12:40:41', b'1', NULL), (1929, 1781604279872581694, NULL, 1, 10, 'user', 'llama3', 12, '你好呀', b'0', '1', '2024-05-22 09:58:09', '1', '2024-05-23 12:40:41', b'1', NULL), (1930, 1781604279872581694, NULL, 1, 10, 'user', 'llama3', 12, '你是 ollama3 么？', b'0', '1', '2024-05-22 09:58:09', '1', '2024-05-23 12:40:41', b'1', NULL), (1931, 1781604279872581694, 1929, 1, 10, 'assistant', 'llama3', 12, '404 Not Found from POST http://127.0.0.1:11434/api/chat', b'0', '1', '2024-05-22 09:58:09', NULL, '2024-05-23 12:40:41', b'1', NULL), (1932, 1781604279872581694, 1930, 1, 10, 'assistant', 'llama3', 12, '404 Not Found from POST http://127.0.0.1:11434/api/chat', b'0', '1', '2024-05-22 09:58:09', NULL, '2024-05-23 12:40:41', b'1', NULL), (1933, 1781604279872581694, NULL, 1, 10, 'user', 'llama3', 12, '你好呀', b'0', '1', '2024-05-22 09:58:10', '1', '2024-05-23 12:40:41', b'1', NULL), (1934, 1781604279872581694, NULL, 1, 10, 'user', 'llama3', 12, '你是 ollama3 么？', b'0', '1', '2024-05-22 09:58:10', '1', '2024-05-23 12:40:41', b'1', NULL), (1935, 1781604279872581694, 1933, 1, 10, 'assistant', 'llama3', 12, '404 Not Found from POST http://127.0.0.1:11434/api/chat', b'0', '1', '2024-05-22 09:58:10', NULL, '2024-05-23 12:40:41', b'1', NULL), (1936, 1781604279872581694, 1934, 1, 10, 'assistant', 'llama3', 12, '404 Not Found from POST http://127.0.0.1:11434/api/chat', b'0', '1', '2024-05-22 09:58:10', NULL, '2024-05-23 12:40:41', b'1', NULL), (1937, 1781604279872581694, NULL, 1, 10, 'user', 'llama3', 12, '你是 ollama3 么？', b'0', '1', '2024-05-22 09:58:11', '1', '2024-05-23 12:40:41', b'1', NULL), (1938, 1781604279872581694, NULL, 1, 10, 'user', 'llama3', 12, '你好呀', b'0', '1', '2024-05-22 09:58:11', '1', '2024-05-23 12:40:41', b'1', NULL), (1939, 1781604279872581694, 1937, 1, 10, 'assistant', 'llama3', 12, '404 Not Found from POST http://127.0.0.1:11434/api/chat', b'0', '1', '2024-05-22 09:58:11', NULL, '2024-05-23 12:40:41', b'1', NULL), (1940, 1781604279872581694, 1938, 1, 10, 'assistant', 'llama3', 12, '404 Not Found from POST http://127.0.0.1:11434/api/chat', b'0', '1', '2024-05-22 09:58:11', NULL, '2024-05-23 12:40:41', b'1', NULL), (1941, 1781604279872581694, NULL, 1, 10, 'user', 'llama3', 12, '你是 ollama3 么？', b'0', '1', '2024-05-22 09:58:12', '1', '2024-05-23 12:40:41', b'1', NULL), (1942, 1781604279872581694, NULL, 1, 10, 'user', 'llama3', 12, '你好呀', b'0', '1', '2024-05-22 09:58:12', '1', '2024-05-23 12:40:41', b'1', NULL), (1943, 1781604279872581694, 1941, 1, 10, 'assistant', 'llama3', 12, '404 Not Found from POST http://127.0.0.1:11434/api/chat', b'0', '1', '2024-05-22 09:58:12', NULL, '2024-05-23 12:40:41', b'1', NULL), (1944, 1781604279872581694, 1942, 1, 10, 'assistant', 'llama3', 12, '404 Not Found from POST http://127.0.0.1:11434/api/chat', b'0', '1', '2024-05-22 09:58:12', NULL, '2024-05-23 12:40:41', b'1', NULL), (1945, 1781604279872581694, NULL, 1, 10, 'user', 'llama3', 12, '你是 ollama3 么？', b'0', '1', '2024-05-22 09:58:13', '1', '2024-05-23 12:40:41', b'1', NULL), (1946, 1781604279872581694, NULL, 1, 10, 'user', 'llama3', 12, '你好呀', b'0', '1', '2024-05-22 09:58:13', '1', '2024-05-23 12:40:41', b'1', NULL), (1947, 1781604279872581694, 1945, 1, 10, 'assistant', 'llama3', 12, '404 Not Found from POST http://127.0.0.1:11434/api/chat', b'0', '1', '2024-05-22 09:58:13', NULL, '2024-05-23 12:40:41', b'1', NULL), (1948, 1781604279872581694, 1946, 1, 10, 'assistant', 'llama3', 12, '404 Not Found from POST http://127.0.0.1:11434/api/chat', b'0', '1', '2024-05-22 09:58:13', NULL, '2024-05-23 12:40:41', b'1', NULL), (1949, 1781604279872581694, NULL, 1, 10, 'user', 'llama3', 12, '你好呀', b'0', '1', '2024-05-22 09:58:14', '1', '2024-05-23 12:40:41', b'1', NULL), (1950, 1781604279872581694, NULL, 1, 10, 'user', 'llama3', 12, '你是 ollama3 么？', b'0', '1', '2024-05-22 09:58:14', '1', '2024-05-23 12:40:41', b'1', NULL), (1951, 1781604279872581694, 1949, 1, 10, 'assistant', 'llama3', 12, '404 Not Found from POST http://127.0.0.1:11434/api/chat', b'0', '1', '2024-05-22 09:58:14', NULL, '2024-05-23 12:40:41', b'1', NULL), (1952, 1781604279872581694, 1950, 1, 10, 'assistant', 'llama3', 12, '404 Not Found from POST http://127.0.0.1:11434/api/chat', b'0', '1', '2024-05-22 09:58:14', NULL, '2024-05-23 12:40:41', b'1', NULL), (1953, 1781604279872581694, NULL, 1, 10, 'user', 'llama3', 12, '你好呀', b'0', '1', '2024-05-22 09:58:15', '1', '2024-05-23 12:40:41', b'1', NULL), (1954, 1781604279872581694, NULL, 1, 10, 'user', 'llama3', 12, '你是 ollama3 么？', b'0', '1', '2024-05-22 09:58:15', '1', '2024-05-23 12:40:41', b'1', NULL), (1955, 1781604279872581694, 1953, 1, 10, 'assistant', 'llama3', 12, '404 Not Found from POST http://127.0.0.1:11434/api/chat', b'0', '1', '2024-05-22 09:58:15', NULL, '2024-05-23 12:40:41', b'1', NULL), (1956, 1781604279872581694, 1954, 1, 10, 'assistant', 'llama3', 12, '404 Not Found from POST http://127.0.0.1:11434/api/chat', b'0', '1', '2024-05-22 09:58:15', NULL, '2024-05-23 12:40:41', b'1', NULL), (1957, 1781604279872581694, NULL, 1, 10, 'user', 'llama3', 12, '你是 ollama3 么？', b'0', '1', '2024-05-22 09:58:16', '1', '2024-05-23 12:40:41', b'1', NULL), (1958, 1781604279872581694, NULL, 1, 10, 'user', 'llama3', 12, '你好呀', b'0', '1', '2024-05-22 09:58:16', '1', '2024-05-23 12:40:41', b'1', NULL), (1959, 1781604279872581694, 1957, 1, 10, 'assistant', 'llama3', 12, '404 Not Found from POST http://127.0.0.1:11434/api/chat', b'0', '1', '2024-05-22 09:58:16', NULL, '2024-05-23 12:40:41', b'1', NULL), (1960, 1781604279872581694, 1958, 1, 10, 'assistant', 'llama3', 12, '404 Not Found from POST http://127.0.0.1:11434/api/chat', b'0', '1', '2024-05-22 09:58:16', NULL, '2024-05-23 12:40:41', b'1', NULL), (1961, 1781604279872581694, NULL, 1, 10, 'user', 'llama3', 12, '你好呀', b'0', '1', '2024-05-22 09:58:17', '1', '2024-05-23 12:40:41', b'1', NULL), (1962, 1781604279872581694, NULL, 1, 10, 'user', 'llama3', 12, '你是 ollama3 么？', b'0', '1', '2024-05-22 09:58:17', '1', '2024-05-23 12:40:41', b'1', NULL), (1963, 1781604279872581694, 1962, 1, 10, 'assistant', 'llama3', 12, '404 Not Found from POST http://127.0.0.1:11434/api/chat', b'0', '1', '2024-05-22 09:58:17', NULL, '2024-05-23 12:40:41', b'1', NULL), (1964, 1781604279872581694, 1961, 1, 10, 'assistant', 'llama3', 12, '404 Not Found from POST http://127.0.0.1:11434/api/chat', b'0', '1', '2024-05-22 09:58:17', NULL, '2024-05-23 12:40:41', b'1', NULL), (1965, 1781604279872581694, NULL, 1, 10, 'user', 'llama3', 12, '你是 ollama3 么？', b'0', '1', '2024-05-22 09:58:18', '1', '2024-05-23 12:40:41', b'1', NULL), (1966, 1781604279872581694, NULL, 1, 10, 'user', 'llama3', 12, '你好呀', b'0', '1', '2024-05-22 09:58:18', '1', '2024-05-23 12:40:41', b'1', NULL), (1967, 1781604279872581694, 1965, 1, 10, 'assistant', 'llama3', 12, '404 Not Found from POST http://127.0.0.1:11434/api/chat', b'0', '1', '2024-05-22 09:58:18', NULL, '2024-05-23 12:40:41', b'1', NULL), (1968, 1781604279872581694, 1966, 1, 10, 'assistant', 'llama3', 12, '404 Not Found from POST http://127.0.0.1:11434/api/chat', b'0', '1', '2024-05-22 09:58:18', NULL, '2024-05-23 12:40:41', b'1', NULL), (1969, 1781604279872581694, NULL, 1, 10, 'user', 'llama3', 12, '你是 ollama3 么？', b'0', '1', '2024-05-22 09:58:19', '1', '2024-05-23 12:40:41', b'1', NULL), (1970, 1781604279872581694, NULL, 1, 10, 'user', 'llama3', 12, '你好呀', b'0', '1', '2024-05-22 09:58:19', '1', '2024-05-23 12:40:41', b'1', NULL), (1971, 1781604279872581694, 1969, 1, 10, 'assistant', 'llama3', 12, '404 Not Found from POST http://127.0.0.1:11434/api/chat', b'0', '1', '2024-05-22 09:58:19', NULL, '2024-05-23 12:40:41', b'1', NULL), (1972, 1781604279872581694, 1970, 1, 10, 'assistant', 'llama3', 12, '404 Not Found from POST http://127.0.0.1:11434/api/chat', b'0', '1', '2024-05-22 09:58:19', NULL, '2024-05-23 12:40:41', b'1', NULL), (1973, 1781604279872581694, NULL, 1, 10, 'user', 'llama3', 12, '你是 ollama3 么？', b'0', '1', '2024-05-22 09:58:20', '1', '2024-05-23 12:40:41', b'1', NULL), (1974, 1781604279872581694, NULL, 1, 10, 'user', 'llama3', 12, '你好呀', b'0', '1', '2024-05-22 09:58:20', '1', '2024-05-23 12:40:41', b'1', NULL), (1975, 1781604279872581694, 1973, 1, 10, 'assistant', 'llama3', 12, '404 Not Found from POST http://127.0.0.1:11434/api/chat', b'0', '1', '2024-05-22 09:58:20', NULL, '2024-05-23 12:40:41', b'1', NULL), (1976, 1781604279872581694, 1974, 1, 10, 'assistant', 'llama3', 12, '404 Not Found from POST http://127.0.0.1:11434/api/chat', b'0', '1', '2024-05-22 09:58:20', NULL, '2024-05-23 12:40:41', b'1', NULL), (1977, 1781604279872581694, NULL, 1, 10, 'user', 'llama3', 12, '你是 ollama3 么？', b'0', '1', '2024-05-22 09:58:21', '1', '2024-05-23 12:40:41', b'1', NULL), (1978, 1781604279872581694, NULL, 1, 10, 'user', 'llama3', 12, '你好呀', b'0', '1', '2024-05-22 09:58:21', '1', '2024-05-23 12:40:41', b'1', NULL), (1979, 1781604279872581694, 1978, 1, 10, 'assistant', 'llama3', 12, '404 Not Found from POST http://127.0.0.1:11434/api/chat', b'0', '1', '2024-05-22 09:58:21', NULL, '2024-05-23 12:40:41', b'1', NULL), (1980, 1781604279872581694, 1977, 1, 10, 'assistant', 'llama3', 12, '404 Not Found from POST http://127.0.0.1:11434/api/chat', b'0', '1', '2024-05-22 09:58:21', NULL, '2024-05-23 12:40:41', b'1', NULL), (1981, 1781604279872581694, NULL, 1, 10, 'user', 'llama3', 12, '你好呀', b'0', '1', '2024-05-22 09:58:22', '1', '2024-05-23 12:40:41', b'1', NULL), (1982, 1781604279872581694, NULL, 1, 10, 'user', 'llama3', 12, '你是 ollama3 么？', b'0', '1', '2024-05-22 09:58:22', '1', '2024-05-23 12:40:41', b'1', NULL), (1983, 1781604279872581694, 1982, 1, 10, 'assistant', 'llama3', 12, '404 Not Found from POST http://127.0.0.1:11434/api/chat', b'0', '1', '2024-05-22 09:58:22', NULL, '2024-05-23 12:40:41', b'1', NULL), (1984, 1781604279872581694, 1981, 1, 10, 'assistant', 'llama3', 12, '404 Not Found from POST http://127.0.0.1:11434/api/chat', b'0', '1', '2024-05-22 09:58:22', NULL, '2024-05-23 12:40:41', b'1', NULL), (1985, 1781604279872581694, NULL, 1, 10, 'user', 'llama3', 12, '你好呀', b'0', '1', '2024-05-22 09:58:23', '1', '2024-05-23 12:40:41', b'1', NULL), (1986, 1781604279872581694, NULL, 1, 10, 'user', 'llama3', 12, '你是 ollama3 么？', b'0', '1', '2024-05-22 09:58:23', '1', '2024-05-23 12:40:41', b'1', NULL), (1987, 1781604279872581694, 1986, 1, 10, 'assistant', 'llama3', 12, '404 Not Found from POST http://127.0.0.1:11434/api/chat', b'0', '1', '2024-05-22 09:58:23', NULL, '2024-05-23 12:40:41', b'1', NULL), (1988, 1781604279872581694, 1985, 1, 10, 'assistant', 'llama3', 12, '404 Not Found from POST http://127.0.0.1:11434/api/chat', b'0', '1', '2024-05-22 09:58:23', NULL, '2024-05-23 12:40:41', b'1', NULL), (1989, 1781604279872581694, NULL, 1, 10, 'user', 'llama3', 12, '你是 ollama3 么？', b'0', '1', '2024-05-22 09:58:24', '1', '2024-05-23 12:40:41', b'1', NULL), (1990, 1781604279872581694, NULL, 1, 10, 'user', 'llama3', 12, '你好呀', b'0', '1', '2024-05-22 09:58:24', '1', '2024-05-23 12:40:41', b'1', NULL), (1991, 1781604279872581694, 1990, 1, 10, 'assistant', 'llama3', 12, '404 Not Found from POST http://127.0.0.1:11434/api/chat', b'0', '1', '2024-05-22 09:58:24', NULL, '2024-05-23 12:40:41', b'1', NULL), (1992, 1781604279872581694, 1989, 1, 10, 'assistant', 'llama3', 12, '404 Not Found from POST http://127.0.0.1:11434/api/chat', b'0', '1', '2024-05-22 09:58:24', NULL, '2024-05-23 12:40:41', b'1', NULL), (1993, 1781604279872581694, NULL, 1, 10, 'user', 'llama3', 12, '你是 ollama3 么？', b'0', '1', '2024-05-22 09:58:25', '1', '2024-05-23 12:40:41', b'1', NULL), (1994, 1781604279872581694, NULL, 1, 10, 'user', 'llama3', 12, '你好呀', b'0', '1', '2024-05-22 09:58:25', '1', '2024-05-23 12:40:41', b'1', NULL), (1995, 1781604279872581694, 1993, 1, 10, 'assistant', 'llama3', 12, '404 Not Found from POST http://127.0.0.1:11434/api/chat', b'0', '1', '2024-05-22 09:58:25', NULL, '2024-05-23 12:40:41', b'1', NULL), (1996, 1781604279872581694, 1994, 1, 10, 'assistant', 'llama3', 12, '404 Not Found from POST http://127.0.0.1:11434/api/chat', b'0', '1', '2024-05-22 09:58:25', NULL, '2024-05-23 12:40:41', b'1', NULL), (1997, 1781604279872581694, NULL, 1, 10, 'user', 'llama3', 12, '你是 ollama3 么？', b'0', '1', '2024-05-22 09:58:26', '1', '2024-05-23 12:40:41', b'1', NULL), (1998, 1781604279872581694, NULL, 1, 10, 'user', 'llama3', 12, '你好呀', b'0', '1', '2024-05-22 09:58:26', '1', '2024-05-23 12:40:41', b'1', NULL), (1999, 1781604279872581694, 1997, 1, 10, 'assistant', 'llama3', 12, '404 Not Found from POST http://127.0.0.1:11434/api/chat', b'0', '1', '2024-05-22 09:58:26', NULL, '2024-05-23 12:40:41', b'1', NULL), (2000, 1781604279872581694, 1998, 1, 10, 'assistant', 'llama3', 12, '404 Not Found from POST http://127.0.0.1:11434/api/chat', b'0', '1', '2024-05-22 09:58:26', NULL, '2024-05-23 12:40:41', b'1', NULL), (2001, 1781604279872581694, NULL, 1, 10, 'user', 'llama3', 12, '你好呀', b'0', '1', '2024-05-22 09:58:27', '1', '2024-05-23 12:40:41', b'1', NULL), (2002, 1781604279872581694, NULL, 1, 10, 'user', 'llama3', 12, '你是 ollama3 么？', b'0', '1', '2024-05-22 09:58:27', '1', '2024-05-23 12:40:41', b'1', NULL), (2003, 1781604279872581694, 2001, 1, 10, 'assistant', 'llama3', 12, '404 Not Found from POST http://127.0.0.1:11434/api/chat', b'0', '1', '2024-05-22 09:58:27', NULL, '2024-05-23 12:40:41', b'1', NULL), (2004, 1781604279872581694, 2002, 1, 10, 'assistant', 'llama3', 12, '404 Not Found from POST http://127.0.0.1:11434/api/chat', b'0', '1', '2024-05-22 09:58:27', NULL, '2024-05-23 12:40:41', b'1', NULL), (2005, 1781604279872581694, NULL, 1, 10, 'user', 'llama3', 12, '你是 ollama3 么？', b'0', '1', '2024-05-22 09:58:28', '1', '2024-05-23 12:40:41', b'1', NULL), (2006, 1781604279872581694, NULL, 1, 10, 'user', 'llama3', 12, '你好呀', b'0', '1', '2024-05-22 09:58:28', '1', '2024-05-23 12:40:41', b'1', NULL), (2007, 1781604279872581694, 2005, 1, 10, 'assistant', 'llama3', 12, '404 Not Found from POST http://127.0.0.1:11434/api/chat', b'0', '1', '2024-05-22 09:58:28', NULL, '2024-05-23 12:40:41', b'1', NULL), (2008, 1781604279872581694, 2006, 1, 10, 'assistant', 'llama3', 12, '404 Not Found from POST http://127.0.0.1:11434/api/chat', b'0', '1', '2024-05-22 09:58:28', NULL, '2024-05-23 12:40:41', b'1', NULL), (2009, 1781604279872581694, NULL, 1, 10, 'user', 'llama3', 12, '你好呀', b'0', '1', '2024-05-22 09:58:29', '1', '2024-05-23 12:40:41', b'1', NULL), (2010, 1781604279872581694, 2009, 1, 10, 'assistant', 'llama3', 12, '404 Not Found from POST http://127.0.0.1:11434/api/chat', b'0', '1', '2024-05-22 09:58:29', NULL, '2024-05-23 12:40:41', b'1', NULL), (2011, 1781604279872581694, NULL, 1, 10, 'user', 'llama3', 12, '你是 ollama3 么？', b'0', '1', '2024-05-22 09:58:29', '1', '2024-05-23 12:40:41', b'1', NULL), (2012, 1781604279872581694, 2011, 1, 10, 'assistant', 'llama3', 12, '404 Not Found from POST http://127.0.0.1:11434/api/chat', b'0', '1', '2024-05-22 09:58:29', NULL, '2024-05-23 12:40:41', b'1', NULL), (2013, 1781604279872581694, NULL, 1, 10, 'user', 'llama3', 12, '你好呀', b'0', '1', '2024-05-22 09:58:31', '1', '2024-05-23 12:40:41', b'1', NULL), (2014, 1781604279872581694, NULL, 1, 10, 'user', 'llama3', 12, '你是 ollama3 么？', b'0', '1', '2024-05-22 09:58:31', '1', '2024-05-23 12:40:41', b'1', NULL), (2015, 1781604279872581694, 2013, 1, 10, 'assistant', 'llama3', 12, '404 Not Found from POST http://127.0.0.1:11434/api/chat', b'0', '1', '2024-05-22 09:58:31', NULL, '2024-05-23 12:40:41', b'1', NULL), (2016, 1781604279872581694, 2014, 1, 10, 'assistant', 'llama3', 12, '404 Not Found from POST http://127.0.0.1:11434/api/chat', b'0', '1', '2024-05-22 09:58:31', NULL, '2024-05-23 12:40:41', b'1', NULL), (2017, 1781604279872581694, NULL, 1, 10, 'user', 'llama3', 12, '你好呀', b'0', '1', '2024-05-22 09:58:32', '1', '2024-05-23 12:40:41', b'1', NULL), (2018, 1781604279872581694, NULL, 1, 10, 'user', 'llama3', 12, '你是 ollama3 么？', b'0', '1', '2024-05-22 09:58:32', '1', '2024-05-23 12:40:41', b'1', NULL), (2019, 1781604279872581694, 2018, 1, 10, 'assistant', 'llama3', 12, '404 Not Found from POST http://127.0.0.1:11434/api/chat', b'0', '1', '2024-05-22 09:58:32', NULL, '2024-05-23 12:40:41', b'1', NULL), (2020, 1781604279872581694, 2017, 1, 10, 'assistant', 'llama3', 12, '404 Not Found from POST http://127.0.0.1:11434/api/chat', b'0', '1', '2024-05-22 09:58:32', NULL, '2024-05-23 12:40:41', b'1', NULL), (2021, 1781604279872581694, NULL, 1, 10, 'user', 'llama3', 12, '你是 ollama3 么？', b'0', '1', '2024-05-22 09:58:33', '1', '2024-05-23 12:40:41', b'1', NULL), (2022, 1781604279872581694, NULL, 1, 10, 'user', 'llama3', 12, '你好呀', b'0', '1', '2024-05-22 09:58:33', '1', '2024-05-23 12:40:41', b'1', NULL), (2023, 1781604279872581694, 2021, 1, 10, 'assistant', 'llama3', 12, '404 Not Found from POST http://127.0.0.1:11434/api/chat', b'0', '1', '2024-05-22 09:58:33', NULL, '2024-05-23 12:40:41', b'1', NULL), (2024, 1781604279872581694, 2022, 1, 10, 'assistant', 'llama3', 12, '404 Not Found from POST http://127.0.0.1:11434/api/chat', b'0', '1', '2024-05-22 09:58:33', NULL, '2024-05-23 12:40:41', b'1', NULL), (2025, 1781604279872581694, NULL, 1, 10, 'user', 'llama3', 12, '你好呀', b'0', '1', '2024-05-22 09:58:34', '1', '2024-05-23 12:40:41', b'1', NULL), (2026, 1781604279872581694, NULL, 1, 10, 'user', 'llama3', 12, '你是 ollama3 么？', b'0', '1', '2024-05-22 09:58:34', '1', '2024-05-23 12:40:41', b'1', NULL), (2027, 1781604279872581694, 2026, 1, 10, 'assistant', 'llama3', 12, '404 Not Found from POST http://127.0.0.1:11434/api/chat', b'0', '1', '2024-05-22 09:58:34', NULL, '2024-05-23 12:40:41', b'1', NULL), (2028, 1781604279872581694, 2025, 1, 10, 'assistant', 'llama3', 12, '404 Not Found from POST http://127.0.0.1:11434/api/chat', b'0', '1', '2024-05-22 09:58:34', NULL, '2024-05-23 12:40:41', b'1', NULL), (2029, 1781604279872581694, NULL, 1, 10, 'user', 'llama3', 12, '你是 ollama3 么？', b'0', '1', '2024-05-22 09:58:35', '1', '2024-05-23 12:40:41', b'1', NULL), (2030, 1781604279872581694, NULL, 1, 10, 'user', 'llama3', 12, '你好呀', b'0', '1', '2024-05-22 09:58:35', '1', '2024-05-23 12:40:41', b'1', NULL), (2031, 1781604279872581694, 2029, 1, 10, 'assistant', 'llama3', 12, '404 Not Found from POST http://127.0.0.1:11434/api/chat', b'0', '1', '2024-05-22 09:58:35', NULL, '2024-05-23 12:40:41', b'1', NULL), (2032, 1781604279872581694, 2030, 1, 10, 'assistant', 'llama3', 12, '404 Not Found from POST http://127.0.0.1:11434/api/chat', b'0', '1', '2024-05-22 09:58:35', NULL, '2024-05-23 12:40:41', b'1', NULL), (2033, 1781604279872581694, NULL, 1, 10, 'user', 'llama3', 12, '你是 ollama3 么？', b'0', '1', '2024-05-22 09:58:36', '1', '2024-05-23 12:40:41', b'1', NULL), (2034, 1781604279872581694, NULL, 1, 10, 'user', 'llama3', 12, '你好呀', b'0', '1', '2024-05-22 09:58:36', '1', '2024-05-23 12:40:41', b'1', NULL), (2035, 1781604279872581694, 2033, 1, 10, 'assistant', 'llama3', 12, '404 Not Found from POST http://127.0.0.1:11434/api/chat', b'0', '1', '2024-05-22 09:58:36', NULL, '2024-05-23 12:40:41', b'1', NULL), (2036, 1781604279872581694, 2034, 1, 10, 'assistant', 'llama3', 12, '404 Not Found from POST http://127.0.0.1:11434/api/chat', b'0', '1', '2024-05-22 09:58:36', NULL, '2024-05-23 12:40:41', b'1', NULL), (2037, 1781604279872581694, NULL, 1, 10, 'user', 'llama3', 12, '你是 ollama3 么？', b'0', '1', '2024-05-22 09:58:37', '1', '2024-05-23 12:40:41', b'1', NULL), (2038, 1781604279872581694, NULL, 1, 10, 'user', 'llama3', 12, '你好呀', b'0', '1', '2024-05-22 09:58:37', '1', '2024-05-23 12:40:41', b'1', NULL), (2039, 1781604279872581694, 2037, 1, 10, 'assistant', 'llama3', 12, '404 Not Found from POST http://127.0.0.1:11434/api/chat', b'0', '1', '2024-05-22 09:58:37', NULL, '2024-05-23 12:40:41', b'1', NULL), (2040, 1781604279872581694, 2038, 1, 10, 'assistant', 'llama3', 12, '404 Not Found from POST http://127.0.0.1:11434/api/chat', b'0', '1', '2024-05-22 09:58:37', NULL, '2024-05-23 12:40:41', b'1', NULL), (2041, 1781604279872581694, NULL, 1, 10, 'user', 'llama3', 12, '你是 ollama3 么？', b'0', '1', '2024-05-22 10:18:36', '1', '2024-05-23 12:40:41', b'1', NULL), (2042, 1781604279872581694, NULL, 1, 10, 'user', 'llama3', 12, '你好呀', b'0', '1', '2024-05-22 10:18:36', '1', '2024-05-23 12:40:41', b'1', NULL), (2043, 1781604279872581694, 2041, 1, 10, 'assistant', 'llama3', 12, '😊 Ah, Ah! I am OLLAMA3! 🤖 Nice to meet you', b'0', '1', '2024-05-22 10:18:36', NULL, '2024-05-23 12:40:41', b'1', NULL), (2044, 1781604279872581694, 2042, 1, 10, 'assistant', 'llama3', 12, '😊 你好呀！很高兴见到你！我是一名AI智能助手', b'0', '1', '2024-05-22 10:18:36', NULL, '2024-05-23 12:40:41', b'1', NULL), (2045, 1781604279872581694, NULL, 1, 10, 'user', 'llama3', 12, '你好呀', b'0', '1', '2024-05-22 10:19:25', '1', '2024-05-23 12:40:41', b'1', NULL), (2046, 1781604279872581694, 2045, 1, 10, 'assistant', 'llama3', 12, '😊你好呀！nice to meet you too! 😊 How can I help you today', b'0', '1', '2024-05-22 10:19:25', NULL, '2024-05-23 12:40:41', b'1', NULL), (2047, 1781604279872581694, NULL, 1, 10, 'user', 'llama3', 12, '你是 OLLAMA3 么？', b'0', '1', '2024-05-22 10:19:33', '1', '2024-05-23 12:40:41', b'1', NULL), (2048, 1781604279872581694, 2047, 1, 10, 'assistant', 'llama3', 12, 'You\'re a fan of Olle Lönnaeus\' work, are you? 😊 I', b'0', '1', '2024-05-22 10:19:33', NULL, '2024-05-23 12:40:41', b'1', NULL), (2049, 1781604279872581694, NULL, 1, 10, 'user', 'llama3', 12, '1+2+？？？', b'0', '1', '2024-05-22 10:20:34', '1', '2024-05-23 12:40:41', b'1', NULL), (2050, 1781604279872581694, 2049, 1, 10, 'assistant', 'llama3', 12, 'It looks', b'0', '1', '2024-05-22 10:20:34', NULL, '2024-05-23 12:40:41', b'1', NULL), (2051, 1781604279872581695, NULL, 1, 10, 'user', 'gpt-3.5-turbo', 11, '你好', b'0', '1', '2024-05-22 10:46:42', '1', '2024-05-22 10:46:42', b'0', NULL), (2052, 1781604279872581695, 2051, 1, 10, 'assistant', 'gpt-3.5-turbo', 11, '你好！有什么我可以帮助你的吗？', b'0', '1', '2024-05-22 10:46:42', NULL, '2024-05-22 10:46:49', b'0', NULL), (2053, 1781604279872581694, NULL, 1, 10, 'user', 'llama3', 12, '测试一下', b'0', '1', '2024-05-22 10:46:57', '1', '2024-05-23 12:40:41', b'1', NULL), (2054, 1781604279872581694, 2053, 1, 10, 'assistant', 'llama3', 12, '测试成功', b'0', '1', '2024-05-22 10:46:57', NULL, '2024-05-23 12:40:41', b'1', NULL), (2055, 1781604279872581694, NULL, 1, 10, 'user', 'llama3', 12, '呵呵', b'0', '1', '2024-05-22 10:47:08', '1', '2024-05-23 12:40:41', b'1', NULL), (2056, 1781604279872581694, 2055, 1, 10, 'assistant', 'llama3', 12, '哈哈', b'0', '1', '2024-05-22 10:47:08', NULL, '2024-05-23 12:40:41', b'1', NULL), (2057, 1781604279872581694, NULL, 1, 10, 'user', 'llama3', 12, '速度怎么样？', b'0', '1', '2024-05-22 10:47:19', '1', '2024-05-23 12:40:41', b'1', NULL), (2058, 1781604279872581694, 2057, 1, 10, 'assistant', 'llama3', 12, '😄', b'0', '1', '2024-05-22 10:47:19', NULL, '2024-05-23 12:40:41', b'1', NULL), (2059, 1781604279872581692, NULL, 1, 10, 'user', 'gpt-3.5-turbo', 11, '你好呀', b'1', '1', '2024-05-23 20:39:43', '1', '2024-05-23 20:39:43', b'0', NULL), (2060, 1781604279872581692, 2059, 1, 10, 'assistant', 'gpt-3.5-turbo', 11, '您好！有什么我可以帮助到您的吗？', b'1', '1', '2024-05-23 20:39:43', NULL, '2024-05-23 20:39:45', b'0', NULL), (2061, 1781604279872581692, NULL, 1, 10, 'user', 'gpt-3.5-turbo', 11, '我就是问问', b'0', '1', '2024-05-23 20:40:05', '1', '2024-05-23 20:40:05', b'0', NULL), (2062, 1781604279872581692, 2061, 1, 10, 'assistant', 'gpt-3.5-turbo', 11, '好的，有什么问题我可以帮您解答或是需要', b'0', '1', '2024-05-23 20:40:05', NULL, '2024-05-23 20:40:07', b'0', NULL), (2063, 1781604279872581692, NULL, 1, 10, 'user', 'gpt-3.5-turbo', 11, '是的呢', b'1', '1', '2024-05-23 20:40:12', '1', '2024-05-23 20:40:12', b'0', NULL), (2064, 1781604279872581692, 2063, 1, 10, 'assistant', 'gpt-3.5-turbo', 11, '好的，请问有什么我可以为您解答的问题吗？', b'1', '1', '2024-05-23 20:40:12', NULL, '2024-05-23 20:40:16', b'0', NULL), (2065, 1781604279872581694, NULL, 1, 10, 'user', 'llama3', 12, '213213131232132131呵呵呵', b'1', '1', '2024-05-23 20:42:15', '1', '2024-05-23 20:42:15', b'0', NULL), (2066, 1781604279872581694, 2065, 1, 10, 'assistant', 'llama3', 12, '', b'1', '1', '2024-05-23 20:42:15', '1', '2024-05-23 20:42:15', b'0', NULL), (2067, 1781604279872581698, NULL, 1, NULL, 'user', 'gpt-3.5-turbo', 11, '测试一下', b'1', '1', '2024-05-24 12:47:28', '1', '2024-05-24 12:47:28', b'0', NULL), (2068, 1781604279872581698, 2067, 1, NULL, 'assistant', 'gpt-3.5-turbo', 11, '500 Internal Server Error from POST https://api.gptsapi.net/v1/chat/completions', b'1', '1', '2024-05-24 12:47:28', NULL, '2024-05-24 12:47:34', b'0', NULL), (2069, 1781604279872581698, NULL, 1, NULL, 'user', 'gpt-3.5-turbo', 11, '测试一下哈', b'1', '1', '2024-05-24 12:47:34', '1', '2024-05-24 12:47:34', b'0', NULL), (2070, 1781604279872581698, 2069, 1, NULL, 'assistant', 'gpt-3.5-turbo', 11, '500 Internal Server Error from POST https://api.gptsapi.net/v1/chat/completions', b'1', '1', '2024-05-24 12:47:34', NULL, '2024-05-24 12:47:39', b'0', NULL), (2071, 1781604279872581698, NULL, 1, NULL, 'user', 'gpt-3.5-turbo', 11, '测试一下哈', b'1', '1', '2024-05-24 12:47:41', '1', '2024-05-24 12:47:41', b'0', NULL), (2072, 1781604279872581698, 2071, 1, NULL, 'assistant', 'gpt-3.5-turbo', 11, '500 Internal Server Error from POST https://api.gptsapi.net/v1/chat/completions', b'1', '1', '2024-05-24 12:47:41', NULL, '2024-05-24 12:47:46', b'0', NULL), (2073, 1781604279872581698, NULL, 1, NULL, 'user', 'gpt-3.5-turbo', 11, '测试一下哈', b'1', '1', '2024-05-24 12:47:47', '1', '2024-05-24 12:47:47', b'0', NULL), (2074, 1781604279872581698, 2073, 1, NULL, 'assistant', 'gpt-3.5-turbo', 11, '500 Internal Server Error from POST https://api.gptsapi.net/v1/chat/completions', b'1', '1', '2024-05-24 12:47:47', NULL, '2024-05-24 12:47:51', b'0', NULL), (2075, 1781604279872581696, NULL, 1, 10, 'user', 'gpt-3.5-turbo', 11, 'biubiubiu', b'1', '1', '2024-05-24 12:47:55', '1', '2024-05-24 12:47:55', b'0', NULL), (2076, 1781604279872581696, 2075, 1, 10, 'assistant', 'gpt-3.5-turbo', 11, '您好！看起来您打了一些奇怪的字符，有', b'1', '1', '2024-05-24 12:47:55', NULL, '2024-05-24 12:47:58', b'0', NULL), (2077, 1781604279872581699, NULL, 1, NULL, 'user', 'gpt-3.5-turbo', 11, '你好呀', b'1', '1', '2024-05-24 12:48:37', '1', '2024-05-24 12:48:37', b'0', NULL), (2078, 1781604279872581699, 2077, 1, NULL, 'assistant', 'gpt-3.5-turbo', 11, '500 Internal Server Error from POST https://api.gptsapi.net/v1/chat/completions', b'1', '1', '2024-05-24 12:48:37', NULL, '2024-05-24 12:48:42', b'0', NULL), (2079, 1781604279872581699, NULL, 1, NULL, 'user', 'gpt-3.5-turbo', 11, '你好呀', b'1', '1', '2024-05-24 12:48:44', '1', '2024-05-24 12:48:44', b'0', NULL), (2080, 1781604279872581699, 2079, 1, NULL, 'assistant', 'gpt-3.5-turbo', 11, '500 Internal Server Error from POST https://api.gptsapi.net/v1/chat/completions', b'1', '1', '2024-05-24 12:48:44', NULL, '2024-05-24 12:48:49', b'0', NULL), (2081, 1781604279872581699, NULL, 1, NULL, 'user', 'gpt-3.5-turbo', 11, '你好呀', b'1', '1', '2024-05-24 12:48:50', '1', '2024-05-24 12:48:50', b'0', NULL), (2082, 1781604279872581699, 2081, 1, NULL, 'assistant', 'gpt-3.5-turbo', 11, '500 Internal Server Error from POST https://api.gptsapi.net/v1/chat/completions', b'1', '1', '2024-05-24 12:48:50', NULL, '2024-05-24 12:48:55', b'0', NULL), (2083, 1781604279872581699, NULL, 1, NULL, 'user', 'gpt-3.5-turbo', 11, '你好呀', b'1', '1', '2024-05-24 12:48:56', '1', '2024-05-24 12:48:56', b'0', NULL), (2084, 1781604279872581699, 2083, 1, NULL, 'assistant', 'gpt-3.5-turbo', 11, '500 Internal Server Error from POST https://api.gptsapi.net/v1/chat/completions', b'1', '1', '2024-05-24 12:48:56', NULL, '2024-05-24 12:49:02', b'0', NULL), (2085, 1781604279872581699, NULL, 1, NULL, 'user', 'ERNIE 4.0', 10, '你好呀', b'1', '1', '2024-05-24 12:49:07', '1', '2024-05-24 12:49:07', b'0', NULL), (2086, 1781604279872581699, 2085, 1, NULL, 'assistant', 'ERNIE 4.0', 10, '', b'1', '1', '2024-05-24 12:49:07', NULL, '2024-05-24 12:49:07', b'0', NULL), (2087, 1781604279872581696, NULL, 1, 10, 'user', 'gpt-3.5-turbo', 11, '你好呀', b'1', '1', '2024-05-24 12:49:21', '1', '2024-05-24 12:49:21', b'0', NULL), (2088, 1781604279872581696, 2087, 1, 10, 'assistant', 'gpt-3.5-turbo', 11, '您好！有什么我可以帮您的吗？', b'1', '1', '2024-05-24 12:49:21', NULL, '2024-05-24 12:49:22', b'0', NULL), (2089, 1781604279872581699, NULL, 1, NULL, 'user', 'ERNIE 4.0', 10, '你好呀', b'1', '1', '2024-05-24 12:49:31', '1', '2024-05-24 12:49:31', b'0', NULL), (2090, 1781604279872581699, 2089, 1, NULL, 'assistant', 'ERNIE 4.0', 10, '', b'1', '1', '2024-05-24 12:49:31', NULL, '2024-05-24 12:49:31', b'0', NULL), (2091, 1781604279872581700, NULL, 1, NULL, 'user', 'gpt-3.5-turbo', 11, '你好呀？', b'1', '1', '2024-05-24 12:49:51', '1', '2024-05-24 12:49:51', b'0', NULL), (2092, 1781604279872581700, 2091, 1, NULL, 'assistant', 'gpt-3.5-turbo', 11, '500 Internal Server Error from POST https://api.gptsapi.net/v1/chat/completions', b'1', '1', '2024-05-24 12:49:51', NULL, '2024-05-24 12:49:57', b'0', NULL), (2093, 1781604279872581700, NULL, 1, NULL, 'user', 'gpt-3.5-turbo', 11, '你好呀？', b'1', '1', '2024-05-24 12:49:59', '1', '2024-05-24 12:49:59', b'0', NULL), (2094, 1781604279872581700, 2093, 1, NULL, 'assistant', 'gpt-3.5-turbo', 11, '500 Internal Server Error from POST https://api.gptsapi.net/v1/chat/completions', b'1', '1', '2024-05-24 12:49:59', NULL, '2024-05-24 12:50:04', b'0', NULL), (2095, 1781604279872581700, NULL, 1, NULL, 'user', 'gpt-3.5-turbo', 11, '你好呀？', b'1', '1', '2024-05-24 12:50:05', '1', '2024-05-24 12:50:05', b'0', NULL), (2096, 1781604279872581700, 2095, 1, NULL, 'assistant', 'gpt-3.5-turbo', 11, '500 Internal Server Error from POST https://api.gptsapi.net/v1/chat/completions', b'1', '1', '2024-05-24 12:50:05', NULL, '2024-05-24 12:50:10', b'0', NULL), (2097, 1781604279872581700, NULL, 1, NULL, 'user', 'ERNIE 4.0', 10, '你好呀？', b'1', '1', '2024-05-24 12:50:11', '1', '2024-05-24 12:50:11', b'0', NULL), (2098, 1781604279872581700, 2097, 1, NULL, 'assistant', 'ERNIE 4.0', 10, '', b'1', '1', '2024-05-24 12:50:11', NULL, '2024-05-24 12:50:11', b'0', NULL), (2099, 1781604279872581700, NULL, 1, NULL, 'user', 'ERNIE 4.0', 10, '你说呢？', b'1', '1', '2024-05-24 12:50:12', '1', '2024-05-24 12:50:12', b'0', NULL), (2100, 1781604279872581700, 2099, 1, NULL, 'assistant', 'ERNIE 4.0', 10, '', b'1', '1', '2024-05-24 12:50:12', NULL, '2024-05-24 12:50:12', b'0', NULL), (2101, 1781604279872581700, NULL, 1, NULL, 'user', 'ERNIE 4.0', 10, '说呀？！', b'1', '1', '2024-05-24 12:50:29', '1', '2024-05-24 12:50:29', b'0', NULL), (2102, 1781604279872581700, 2101, 1, NULL, 'assistant', 'ERNIE 4.0', 10, '', b'1', '1', '2024-05-24 12:50:29', NULL, '2024-05-24 12:50:31', b'0', NULL), (2103, 1781604279872581701, NULL, 1, NULL, 'user', 'ERNIE 4.0', 10, '你说说看？？？', b'1', '1', '2024-05-24 12:51:45', '1', '2024-05-24 12:51:45', b'0', NULL), (2104, 1781604279872581701, 2103, 1, NULL, 'assistant', 'ERNIE 4.0', 10, '', b'1', '1', '2024-05-24 12:51:45', NULL, '2024-05-24 12:51:45', b'0', NULL), (2105, 1781604279872581701, NULL, 1, NULL, 'user', 'ERNIE 4.0', 10, '？？？', b'1', '1', '2024-05-24 12:52:03', '1', '2024-05-24 12:52:03', b'0', NULL), (2106, 1781604279872581701, 2105, 1, NULL, 'assistant', 'ERNIE 4.0', 10, '', b'1', '1', '2024-05-24 12:52:03', NULL, '2024-05-24 12:52:03', b'0', NULL), (2107, 1781604279872581701, NULL, 1, NULL, 'user', 'ERNIE 4.0', 10, '你说呢？', b'1', '1', '2024-05-24 12:52:18', '1', '2024-05-24 12:52:18', b'0', NULL), (2108, 1781604279872581701, 2107, 1, NULL, 'assistant', 'ERNIE 4.0', 10, '', b'1', '1', '2024-05-24 12:52:18', NULL, '2024-05-24 12:52:40', b'0', NULL), (2109, 1781604279872581690, NULL, 1, 10, 'user', 'gpt-3.5-turbo', 11, '呃呃呃？', b'1', '1', '2024-05-24 12:52:48', '1', '2024-05-24 12:52:48', b'0', NULL), (2110, 1781604279872581690, 2109, 1, 10, 'assistant', 'gpt-3.5-turbo', 11, '您好！有什么问题或者需要帮助的吗？我', b'1', '1', '2024-05-24 12:52:49', NULL, '2024-05-24 12:53:00', b'0', NULL), (2111, 1781604279872581702, NULL, 1, NULL, 'user', 'gpt-3.5-turbo', 11, '测试一下消息？', b'1', '1', '2024-05-24 12:53:19', '1', '2024-05-24 12:53:19', b'0', NULL), (2112, 1781604279872581702, 2111, 1, NULL, 'assistant', 'gpt-3.5-turbo', 11, '您好，我是AI助手。这是一条测试消息，您是否能', b'1', '1', '2024-05-24 12:53:19', NULL, '2024-05-24 12:53:28', b'0', NULL), (2113, 1781604279872581704, NULL, 1, 10, 'user', 'gpt-3.5-turbo', 11, '123', b'1', '1', '2024-05-24 14:08:54', '1', '2024-05-24 14:08:54', b'0', NULL), (2114, 1781604279872581704, 2113, 1, 10, 'assistant', 'gpt-3.5-turbo', 11, '您好！请问您有什么问题或需要什么帮助', b'1', '1', '2024-05-24 14:08:54', NULL, '2024-05-24 14:08:56', b'0', NULL), (2115, 1781604279872581705, NULL, 1, 10, 'user', 'gpt-3.5-turbo', 11, '你好哈？', b'1', '1', '2024-05-24 14:22:24', '1', '2024-05-24 14:22:24', b'0', NULL), (2116, 1781604279872581705, 2115, 1, 10, 'assistant', 'gpt-3.5-turbo', 11, '你好您好！有什么问题我可以帮助您解答', b'1', '1', '2024-05-24 14:22:24', NULL, '2024-05-24 14:22:27', b'0', NULL), (2117, 1781604279872581706, NULL, 1, NULL, 'user', 'gpt-3.5-turbo', 11, '你好呀', b'1', '1', '2024-05-24 15:49:47', '1', '2024-05-25 00:58:10', b'1', NULL), (2118, 1781604279872581706, 2117, 1, NULL, 'assistant', 'gpt-3.5-turbo', 11, '您好！有什么我可以帮助您的吗？', b'1', '1', '2024-05-24 15:49:47', NULL, '2024-05-24 15:49:50', b'0', NULL), (2119, 1781604279872581702, NULL, 1, NULL, 'user', 'gpt-3.5-turbo', 11, '测试一下消息噢！！！', b'1', '1', '2024-05-24 15:50:09', '1', '2024-05-24 15:50:09', b'0', NULL), (2120, 1781604279872581702, 2119, 1, NULL, 'assistant', 'gpt-3.5-turbo', 11, '收到，这是一条测试消息噢！！！感谢您的配', b'1', '1', '2024-05-24 15:50:09', NULL, '2024-05-24 15:50:11', b'0', NULL), (2121, 1781604279872581702, NULL, 1, NULL, 'user', 'gpt-3.5-turbo', 11, '测试一下消息噢！！！', b'1', '1', '2024-05-24 15:50:43', '1', '2024-05-24 15:50:43', b'0', NULL), (2122, 1781604279872581702, 2121, 1, NULL, 'assistant', 'gpt-3.5-turbo', 11, '收到，这是一条测试消息噢！！！请问有什么', b'1', '1', '2024-05-24 15:50:43', NULL, '2024-05-24 15:50:45', b'0', NULL), (2123, 1781604279872581690, NULL, 1, 10, 'user', 'gpt-3.5-turbo', 11, '你好呀？', b'1', '1', '2024-05-24 20:57:31', '1', '2024-05-24 20:57:31', b'0', NULL), (2124, 1781604279872581690, 2123, 1, 10, 'assistant', 'gpt-3.5-turbo', 11, '您好！有什么问题或者需要帮助的吗？我', b'1', '1', '2024-05-24 20:57:31', NULL, '2024-05-24 20:57:38', b'0', NULL), (2125, 1781604279872581708, NULL, 1, 10, 'user', 'gpt-3.5-turbo', 11, '测试一下哈？', b'1', '1', '2024-05-24 20:58:19', '1', '2024-05-24 20:58:19', b'0', NULL), (2126, 1781604279872581708, 2125, 1, 10, 'assistant', 'gpt-3.5-turbo', 11, '！当然可以您可以随时向我提问或分享您的想法', b'1', '1', '2024-05-24 20:58:19', NULL, '2024-05-24 20:58:21', b'0', NULL), (2127, 1781604279872581710, NULL, 1, NULL, 'user', 'gpt-3.5-turbo', 11, '今天气怎么样?', b'1', '1', '2024-05-25 11:48:54', '1', '2024-05-25 11:48:54', b'0', NULL), (2128, 1781604279872581710, 2127, 1, NULL, 'assistant', 'gpt-3.5-turbo', 11, '我很抱歉，作为人工智能，我无法获取', b'1', '1', '2024-05-25 11:48:54', NULL, '2024-05-25 11:48:56', b'0', NULL), (2129, 1781604279872581709, NULL, 1, 11, 'user', 'llama3', 12, '帮我写一个 Java 算法题', b'1', '1', '2024-05-25 12:38:14', '1', '2024-05-25 12:38:14', b'0', NULL), (2130, 1781604279872581709, 2129, 1, 11, 'assistant', 'llama3', 12, '', b'1', '1', '2024-05-25 12:38:14', '1', '2024-05-25 12:38:14', b'0', NULL), (2131, 1781604279872581708, NULL, 1, 10, 'user', 'gpt-3.5-turbo', 11, '帮我写一个 Java 排序算法', b'1', '1', '2024-05-25 12:38:40', '1', '2024-05-25 12:38:40', b'0', NULL), (2132, 1781604279872581708, 2131, 1, 10, 'assistant', 'gpt-3.5-turbo', 11, '当然可以！以下是一个简单的选择算的示例排序法：\n\n```java\npublic class SelectionSort {\n    public static void selectionSort(int[] arr) {\n        int n = arr.length;\n        for (int i = 0; i < n- i++) {\n1;            int minIndex = i;\n            for (int j = i+1; j < n; j++) {\n                if (arr[j] < arr[minIndex]) {\n                    minIndex = j;\n                }\n            }\n            int temp = arr[minIndex];\n            arr[minIndex] = arr[i];\n            arr[i] = temp;\n        }\n    }\n    \n    public static void main(String[] args int[] arr = {) {\n       64 ,22, 11};\n        selection 25, 12,Sort(arr);\n        System.out.println(\"Sorted array: \");\n        for (int i : arr) {\n            System.out.print(i + \" \");\n        }\n    }\n}\n\n```\n这段代码实现了法。选择排序算您可以将这段代码复制命令到一个名 的行中运行它SelectionSort.java为 ``文件中，并在，以查看排序后的结果。', b'1', '1', '2024-05-25 12:38:40', NULL, '2024-05-25 12:38:46', b'0', NULL), (2133, 1781604279872581713, NULL, 1, NULL, 'user', 'generalv3.5', 13, '你好呀？', b'1', '1', '2024-05-25 13:17:45', '1', '2024-05-25 13:17:45', b'0', NULL), (2134, 1781604279872581713, 2133, 1, NULL, 'assistant', 'generalv3.5', 13, '你好！有什么我能帮你的吗？', b'1', '1', '2024-05-25 13:17:45', NULL, '2024-05-25 13:17:47', b'0', NULL), (2135, 1781604279872581713, NULL, 1, NULL, 'user', 'generalv3.5', 13, '你是什么模型？', b'1', '1', '2024-05-25 13:17:51', '1', '2024-05-25 13:17:51', b'0', NULL), (2136, 1781604279872581713, 2135, 1, NULL, 'assistant', 'generalv3.5', 13, '您好，我是科大讯飞研发的认知智能大模型，我的名字叫讯飞星火认知大模型。我可以和人类进行自然交流，解答问题，高效完成各领域认知智能需求。', b'1', '1', '2024-05-25 13:17:51', NULL, '2024-05-25 13:17:53', b'0', NULL), (2137, 1781604279872581714, NULL, 1, NULL, 'user', 'gpt-3.5-turbo', 11, '你是什么模型啊？', b'1', '1', '2024-05-25 13:20:35', '1', '2024-05-25 05:21:41', b'1', NULL), (2138, 1781604279872581714, 2137, 1, NULL, 'assistant', 'gpt-3.5-turbo', 11, '400 Bad Request from POST https://api.gptsapi.net/v1/chat/completions', b'1', '1', '2024-05-25 13:20:35', NULL, '2024-05-25 05:21:40', b'1', NULL), (2139, 1781604279872581714, NULL, 1, NULL, 'user', 'qwen-72b-chat', 14, '你是什么模型呀？', b'1', '1', '2024-05-25 13:20:57', '1', '2024-05-25 05:21:39', b'1', NULL), (2140, 1781604279872581714, 2139, 1, NULL, 'assistant', 'qwen-72b-chat', 14, '{\"statusCode\":400,\"message\":\"Range of max_tokens should be [1, 2000]\",\"code\":\"InvalidParameter\",\"isJson\":true,\"requestId\":\"fa5b0f3e-baf6-95f7-8d77-e6348c2f7f9c\"}', b'1', '1', '2024-05-25 13:20:57', NULL, '2024-05-25 05:21:38', b'1', NULL), (2141, 1781604279872581714, NULL, 1, NULL, 'user', 'qwen-72b-chat', 14, '你是什么模型？？？', b'1', '1', '2024-05-25 13:21:46', '1', '2024-05-25 13:21:46', b'0', NULL), (2142, 1781604279872581714, 2141, 1, NULL, 'assistant', 'qwen-72b-chat', 14, '我是来自阿里云的大规模语言模型，我叫通义千问。', b'1', '1', '2024-05-25 13:21:46', NULL, '2024-05-25 13:21:47', b'0', NULL), (2143, 1781604279872581715, NULL, 1, 12, 'user', 'gpt-3.5-turbo', 11, '皮卡丘，怎么进化？', b'1', '1', '2024-05-25 13:26:03', '1', '2024-05-25 13:26:03', b'0', NULL), (2144, 1781604279872581715, 2143, 1, 12, 'assistant', 'gpt-3.5-turbo', 11, '皮卡丘是宝可梦中的一种，通过使用它可以雷之石道具来进化成为雷丘。当皮卡丘持有雷之石并且获得足够的经验值后，它将会进化为雷丘。进化后的雷丘将拥有更强大的能力和技能，让它变得更加强大。希望这能帮到你！', b'1', '1', '2024-05-25 13:26:03', NULL, '2024-05-25 13:26:06', b'0', NULL), (2145, 1781604279872581715, NULL, 1, 12, 'user', 'gpt-3.5-turbo', 11, '巨大化，可以么？', b'1', '1', '2024-05-25 13:26:12', '1', '2024-05-25 13:26:12', b'0', NULL), (2146, 1781604279872581715, 2145, 1, 12, 'assistant', 'gpt-3.5-turbo', 11, '400 Bad Request from POST https://api.gptsapi.net/v1/chat/completions', b'1', '1', '2024-05-25 13:26:12', NULL, '2024-06-01 07:10:49', b'1', NULL), (2147, 1781604279872581714, NULL, 1, NULL, 'user', 'qwen-72b-chat', 14, '你是什么模型？', b'1', '1', '2024-06-01 19:28:56', '1', '2024-06-01 19:28:56', b'0', NULL), (2148, 1781604279872581714, 2147, 1, NULL, 'assistant', 'qwen-72b-chat', 14, '很抱歉，可能出现了误解。我是来自阿里云的大规模语言模型，我叫通义千问。', b'1', '1', '2024-06-01 19:28:56', NULL, '2024-06-01 19:28:57', b'0', NULL), (2149, 1781604279872581716, NULL, 1, NULL, 'user', 'Qwen-1.8B', 15, '测试依稀看看？', b'1', '1', '2024-06-01 20:06:29', '1', '2024-06-01 20:06:29', b'0', NULL), (2150, 1781604279872581716, 2149, 1, NULL, 'assistant', 'Qwen-1.8B', 15, '{\"statusCode\":400,\"message\":\"Range of max_tokens should be [1, 2000]\",\"code\":\"InvalidParameter\",\"isJson\":true,\"requestId\":\"7ca19744-583e-95e9-b9e4-7d031dcc167a\"}', b'1', '1', '2024-06-01 20:06:29', NULL, '2024-06-01 20:06:32', b'0', NULL), (2151, 1781604279872581716, NULL, 1, NULL, 'user', 'Qwen-1.8B', 15, '你好你好', b'1', '1', '2024-06-01 20:07:14', '1', '2024-06-01 20:07:14', b'0', NULL), (2152, 1781604279872581716, 2151, 1, NULL, 'assistant', 'Qwen-1.8B', 15, '{\"statusCode\":400,\"message\":\"Range of max_tokens should be [1, 2000]\",\"code\":\"InvalidParameter\",\"isJson\":true,\"requestId\":\"057379a7-1799-9012-80a7-e79fe937c0b0\"}', b'1', '1', '2024-06-01 20:07:14', NULL, '2024-06-01 20:07:14', b'0', NULL), (2153, 1781604279872581716, NULL, 1, NULL, 'user', 'Qwen-1.8B', 15, '你好呀', b'1', '1', '2024-06-01 20:07:40', '1', '2024-06-01 20:07:40', b'0', NULL), (2154, 1781604279872581716, 2153, 1, NULL, 'assistant', 'Qwen-1.8B', 15, '很抱歉，我看到您提供的信息似乎是关于一个API请求的错误返回。它指出\"max_tokens\"参数的取值范围应该在[1, 2000]之间，但您传入的值可能超出了这个范围。如果您是在尝试向某个服务发送请求并获取回答时遇到这个问题，请确保您设置的$max_tokens$参数符合指定的要求。\n\n至于您的问句“测试依稀看看？”和重复的“你好你好”，请您提供更多上下文或者提出一个具体问题，我会更好地为您提供帮助。', b'1', '1', '2024-06-01 20:07:40', NULL, '2024-06-01 12:07:58', b'1', NULL), (2155, 1781604279872581716, NULL, 1, NULL, 'user', 'Qwen-1.8B', 15, '莫西莫西！', b'1', '1', '2024-06-01 20:07:53', '1', '2024-06-01 20:07:53', b'0', NULL), (2156, 1781604279872581716, 2155, 1, NULL, 'assistant', 'Qwen-1.8B', 15, '看起来您正在尝试通过API执行某些操作，并且两次收到了相同的错误响应，提示 \"Range of max_tokens should be [1, 2000]\"。这表明在您的API调用中，用于`max_tokens`参数的值不在有效的范围内。\n\n在解决此问题时，请检查您的代码或API调用配置，确保 `max_tokens` 参数被正确地设定为1到2000之间的整数。\n\n至于\"测试依稀看看？\"，这似乎是一个询问性质的问题，但没有提供足够的上下文以供我给出明确的答案。如果您有其他技术问题、需要解释概念或是有任何疑问，请详细描述一下，我会尽力帮您解答。\n\n最后，您提到的日语问候语“モシモシ”通常用于接听电话时的开场白，意思是类似于英语中的 \"Hello?\" 或 \"Is this working?\"。在这里，我不太清楚您想表达的具体意图，不过如果有任何与日语学习或使用相关的问题，也欢迎随时向我提问。', b'1', '1', '2024-06-01 20:07:53', NULL, '2024-06-01 20:08:01', b'0', NULL), (2157, 1781604279872581717, NULL, 1, NULL, 'user', 'Qwen-1.8B', 15, '你是个🙆模型么！', b'1', '1', '2024-06-01 20:08:23', '1', '2024-06-01 12:08:32', b'1', NULL), (2158, 1781604279872581717, 2157, 1, NULL, 'assistant', 'Qwen-1.8B', 15, '{\"statusCode\":400,\"message\":\"Range of max_tokens should be [1, 2000]\",\"code\":\"InvalidParameter\",\"isJson\":true,\"requestId\":\"53573309-5809-96f4-a52e-b048b1081e45\"}', b'1', '1', '2024-06-01 20:08:23', NULL, '2024-06-01 12:08:31', b'1', NULL), (2159, 1781604279872581717, NULL, 1, NULL, 'user', 'Qwen-1.8B', 15, '什么回事！', b'1', '1', '2024-06-01 20:08:37', '1', '2024-06-01 20:08:37', b'0', NULL), (2160, 1781604279872581717, 2159, 1, NULL, 'assistant', 'Qwen-1.8B', 15, '很抱歉，您的问题可能需要更多的上下文信息以便我能提供准确的回答。您能否请您详细描述一下所发生的事情或者您想要了解的问题呢？', b'1', '1', '2024-06-01 20:08:37', NULL, '2024-06-01 20:08:38', b'0', NULL), (2161, 1781604279872581717, NULL, 1, NULL, 'user', 'Qwen-1.8B', 15, '1+1=', b'1', '1', '2024-06-01 20:08:41', '1', '2024-06-01 20:08:41', b'0', NULL), (2162, 1781604279872581717, 2161, 1, NULL, 'assistant', 'Qwen-1.8B', 15, '1+1 等于 2。这是最基本的数学加法之一。如果您有其他关于这个算式或相关数学概念的疑问，请随时提问。', b'1', '1', '2024-06-01 20:08:41', NULL, '2024-06-01 20:08:42', b'0', NULL), (2163, 1781604279872581717, NULL, 1, NULL, 'user', 'Qwen-7B', 15, '测试一下大小', b'1', '1', '2024-06-01 21:53:18', '1', '2024-06-01 21:53:18', b'0', NULL), (2164, 1781604279872581717, 2163, 1, NULL, 'assistant', 'Qwen-7B', 15, '{\"statusCode\":400,\"message\":\"Range of max_tokens should be [1, 2000]\",\"code\":\"InvalidParameter\",\"isJson\":true,\"requestId\":\"2c68e602-b63c-9f29-9c37-6ce15554fb71\"}', b'1', '1', '2024-06-01 21:53:18', NULL, '2024-06-01 21:53:19', b'0', NULL), (2165, 1781604279872581717, NULL, 1, NULL, 'user', 'qwen-72b-chat', 14, '可以么？？？', b'1', '1', '2024-06-01 21:53:59', '1', '2024-06-01 21:53:59', b'0', NULL);
INSERT INTO `ai_chat_message` (`id`, `conversation_id`, `reply_id`, `user_id`, `role_id`, `type`, `model`, `model_id`, `content`, `use_context`, `creator`, `create_time`, `updater`, `update_time`, `deleted`, `tenant_id`) VALUES (2166, 1781604279872581717, 2165, 1, NULL, 'assistant', 'qwen-72b-chat', 14, '{\"statusCode\":400,\"message\":\"Range of max_tokens should be [1, 2000]\",\"code\":\"InvalidParameter\",\"isJson\":true,\"requestId\":\"d94f6bb2-63bd-9609-bf0c-6195189c4743\"}', b'1', '1', '2024-06-01 21:53:59', NULL, '2024-06-01 21:54:00', b'0', NULL), (2167, 1781604279872581719, NULL, 1, NULL, 'user', 'ERNIE 4.0', 10, '阿巴阿巴', b'1', '1', '2024-06-02 08:53:57', '1', '2024-06-02 00:54:05', b'1', NULL), (2168, 1781604279872581719, 2167, 1, NULL, 'assistant', 'ERNIE 4.0', 10, '', b'1', '1', '2024-06-02 08:53:57', NULL, '2024-06-02 00:54:04', b'1', NULL), (2169, 1781604279872581719, NULL, 1, NULL, 'user', 'ERNIE 4.0', 10, '你是谁？？？', b'1', '1', '2024-06-02 08:54:10', '1', '2024-06-02 01:01:18', b'1', NULL), (2170, 1781604279872581719, 2169, 1, NULL, 'assistant', 'ERNIE 4.0', 10, '', b'1', '1', '2024-06-02 08:54:10', NULL, '2024-06-02 01:01:17', b'1', NULL), (2171, 1781604279872581719, NULL, 1, NULL, 'user', 'ernie-tiny-8k', 16, '冲鸭！', b'1', '1', '2024-06-02 09:00:35', '1', '2024-06-02 01:01:16', b'1', NULL), (2172, 1781604279872581719, 2171, 1, NULL, 'assistant', 'ernie-tiny-8k', 16, '', b'1', '1', '2024-06-02 09:00:35', NULL, '2024-06-02 01:01:15', b'1', NULL), (2173, 1781604279872581719, NULL, 1, NULL, 'user', 'ernie-tiny-8k', 16, '测试下模型', b'1', '1', '2024-06-02 09:01:57', '1', '2024-06-02 01:07:17', b'1', NULL), (2174, 1781604279872581719, 2173, 1, NULL, 'assistant', 'ernie-tiny-8k', 16, '', b'1', '1', '2024-06-02 09:01:57', NULL, '2024-06-02 01:06:25', b'1', NULL), (2175, 1781604279872581719, NULL, 1, NULL, 'user', 'ERNIE 4.0', 10, '你是什么模型呀？', b'1', '1', '2024-06-02 09:06:35', '1', '2024-06-02 01:07:16', b'1', NULL), (2176, 1781604279872581719, 2175, 1, NULL, 'assistant', 'ERNIE 4.0', 10, '', b'1', '1', '2024-06-02 09:06:35', NULL, '2024-06-02 01:07:14', b'1', NULL), (2177, 1781604279872581719, NULL, 1, NULL, 'user', 'ERNIE-3.5-8K', 9, '测试一下模型', b'1', '1', '2024-06-02 09:07:00', '1', '2024-06-02 01:07:17', b'1', NULL), (2178, 1781604279872581719, 2177, 1, NULL, 'assistant', 'ERNIE-3.5-8K', 9, '', b'1', '1', '2024-06-02 09:07:00', NULL, '2024-06-02 01:07:15', b'1', NULL), (2179, 1781604279872581720, NULL, 1, NULL, 'user', 'ERNIE-3.5-8K', 9, '你是谁啊？', b'1', '1', '2024-06-02 09:07:29', '1', '2024-06-02 09:07:29', b'0', NULL), (2180, 1781604279872581720, 2179, 1, NULL, 'assistant', 'ERNIE-3.5-8K', 9, '', b'1', '1', '2024-06-02 09:07:29', NULL, '2024-06-02 09:07:30', b'0', NULL), (2181, 1781604279872581721, NULL, 1, NULL, 'user', 'ERNIE 4.0', 10, '测试一下，怎么样？', b'1', '1', '2024-06-02 09:13:27', '1', '2024-06-02 01:14:21', b'1', NULL), (2182, 1781604279872581721, 2181, 1, NULL, 'assistant', 'ERNIE 4.0', 10, '', b'1', '1', '2024-06-02 09:13:27', NULL, '2024-06-02 01:14:19', b'1', NULL), (2183, 1781604279872581721, NULL, 1, NULL, 'user', 'ERNIE 4.0', 10, '测试一下结果？？？？', b'1', '1', '2024-06-02 09:15:24', '1', '2024-06-02 01:18:28', b'1', NULL), (2184, 1781604279872581721, 2183, 1, NULL, 'assistant', 'ERNIE 4.0', 10, '', b'1', '1', '2024-06-02 09:15:24', NULL, '2024-06-02 01:16:41', b'1', NULL), (2185, 1781604279872581721, NULL, 1, NULL, 'user', 'ERNIE-3.5-8K', 9, '泡一下看看！', b'1', '1', '2024-06-02 09:16:46', '1', '2024-06-02 01:18:28', b'1', NULL), (2186, 1781604279872581721, 2185, 1, NULL, 'assistant', 'ERNIE-3.5-8K', 9, '', b'1', '1', '2024-06-02 09:16:46', NULL, '2024-06-02 01:17:06', b'1', NULL), (2187, 1781604279872581721, NULL, 1, NULL, 'user', 'ERNIE-3.5-8K', 9, '试试，温度第一点', b'1', '1', '2024-06-02 09:17:23', '1', '2024-06-02 01:18:10', b'1', NULL), (2188, 1781604279872581721, 2187, 1, NULL, 'assistant', 'ERNIE-3.5-8K', 9, '', b'1', '1', '2024-06-02 09:17:23', NULL, '2024-06-02 01:18:09', b'1', NULL), (2189, 1781604279872581721, NULL, 1, NULL, 'user', 'ERNIE-3.5-8K', 9, '调低了噢！', b'1', '1', '2024-06-02 09:18:16', '1', '2024-06-02 01:18:27', b'1', NULL), (2190, 1781604279872581721, 2189, 1, NULL, 'assistant', 'ERNIE-3.5-8K', 9, '', b'1', '1', '2024-06-02 09:18:16', NULL, '2024-06-02 01:18:26', b'1', NULL), (2191, 1781604279872581721, NULL, 1, NULL, 'user', 'ERNIE-3.5-8K', 9, '再试试看噢', b'1', '1', '2024-06-02 09:18:33', '1', '2024-06-02 01:21:54', b'1', NULL), (2192, 1781604279872581721, 2191, 1, NULL, 'assistant', 'ERNIE-3.5-8K', 9, '', b'1', '1', '2024-06-02 09:18:33', NULL, '2024-06-02 01:21:52', b'1', NULL), (2193, 1781604279872581721, NULL, 1, NULL, 'user', 'ERNIE-3.5-8K', 9, '你是谁啊？？？', b'1', '1', '2024-06-02 09:21:59', '1', '2024-06-02 01:22:40', b'1', NULL), (2194, 1781604279872581721, 2193, 1, NULL, 'assistant', 'ERNIE-3.5-8K', 9, '', b'1', '1', '2024-06-02 09:21:59', NULL, '2024-06-02 01:22:39', b'1', NULL), (2195, 1781604279872581721, NULL, 1, NULL, 'user', 'ERNIE-3.5-8K', 9, '测试下', b'1', '1', '2024-06-02 09:43:20', '1', '2024-06-02 01:54:20', b'1', NULL), (2196, 1781604279872581721, 2195, 1, NULL, 'assistant', 'ERNIE-3.5-8K', 9, '', b'1', '1', '2024-06-02 09:43:20', NULL, '2024-06-02 01:54:17', b'1', NULL), (2197, 1781604279872581721, NULL, 1, NULL, 'user', 'ERNIE-3.5-8K', 9, '说啥啊？', b'1', '1', '2024-06-02 09:54:26', '1', '2024-06-02 01:56:57', b'1', NULL), (2198, 1781604279872581721, 2197, 1, NULL, 'assistant', 'ERNIE-3.5-8K', 9, '', b'1', '1', '2024-06-02 09:54:26', NULL, '2024-06-02 01:56:02', b'1', NULL), (2199, 1781604279872581721, NULL, 1, NULL, 'user', 'ERNIE-3.5-8K', 9, '你是啊？', b'1', '1', '2024-06-02 09:56:08', '1', '2024-06-02 01:56:56', b'1', NULL), (2200, 1781604279872581721, 2199, 1, NULL, 'assistant', 'ERNIE-3.5-8K', 9, '', b'1', '1', '2024-06-02 09:56:08', NULL, '2024-06-02 01:56:55', b'1', NULL), (2201, 1781604279872581721, NULL, 1, NULL, 'user', 'ERNIE-3.5-8K', 9, '怎么说！', b'1', '1', '2024-06-02 09:57:02', '1', '2024-06-02 09:57:02', b'0', NULL), (2202, 1781604279872581721, 2201, 1, NULL, 'assistant', 'ERNIE-3.5-8K', 9, '', b'1', '1', '2024-06-02 09:57:02', NULL, '2024-06-02 02:03:58', b'1', NULL);
COMMIT;

-- ----------------------------
-- Table structure for ai_chat_model
-- ----------------------------
DROP TABLE IF EXISTS `ai_chat_model`;
CREATE TABLE `ai_chat_model`  (
  `id` bigint NOT NULL AUTO_INCREMENT COMMENT '编号',
  `key_id` bigint NOT NULL COMMENT 'API 秘钥编号',
  `name` varchar(64) CHARACTER SET utf8mb4 COLLATE utf8mb4_unicode_ci NOT NULL COMMENT '模型名字',
  `model` varchar(64) CHARACTER SET utf8mb4 COLLATE utf8mb4_unicode_ci NOT NULL COMMENT '模型标识',
  `platform` varchar(32) CHARACTER SET utf8mb4 COLLATE utf8mb4_unicode_ci NOT NULL COMMENT '模型平台',
  `sort` int NOT NULL COMMENT '排序',
  `status` tinyint NOT NULL COMMENT '状态',
  `temperature` double NULL DEFAULT NULL COMMENT '温度参数',
  `max_tokens` int NULL DEFAULT NULL COMMENT '单条回复的最大 Token 数量',
  `max_contexts` int NULL DEFAULT NULL COMMENT '上下文的最大 Message 数量',
  `creator` varchar(64) CHARACTER SET utf8mb4 COLLATE utf8mb4_unicode_ci NULL DEFAULT '' COMMENT '创建者',
  `create_time` datetime NOT NULL DEFAULT CURRENT_TIMESTAMP COMMENT '创建时间',
  `updater` varchar(64) CHARACTER SET utf8mb4 COLLATE utf8mb4_unicode_ci NULL DEFAULT '' COMMENT '更新者',
  `update_time` datetime NOT NULL DEFAULT CURRENT_TIMESTAMP ON UPDATE CURRENT_TIMESTAMP COMMENT '更新时间',
  `deleted` bit(1) NOT NULL DEFAULT b'0' COMMENT '是否删除',
  `tenant_id` bigint NOT NULL DEFAULT 0 COMMENT '租户编号',
  PRIMARY KEY (`id`) USING BTREE
) ENGINE = InnoDB AUTO_INCREMENT = 17 CHARACTER SET = utf8mb4 COLLATE = utf8mb4_unicode_ci COMMENT = 'AI 聊天模型表';

-- ----------------------------
-- Records of ai_chat_model
-- ----------------------------
BEGIN;
INSERT INTO `ai_chat_model` (`id`, `key_id`, `name`, `model`, `platform`, `sort`, `status`, `temperature`, `max_tokens`, `max_contexts`, `creator`, `create_time`, `updater`, `update_time`, `deleted`, `tenant_id`) VALUES (9, 4, 'ERNIE-3.5-8K', 'ERNIE-3.5-8K', 'YiYan', 100, 0, NULL, NULL, NULL, '', '2024-05-10 01:38:04', '1', '2024-05-18 09:30:54', b'0', 0), (10, 4, 'ERNIE 4.0', 'ERNIE 4.0', 'YiYan', 100, 0, 1, 4096, 10, '', '2024-05-10 01:38:04', '1', '2024-06-02 09:13:11', b'0', 0), (11, 1, 'gpt-3.5-turbo', 'gpt-3.5-turbo', 'OpenAI', 0, 0, 1, 4096, 20, '1', '2024-05-11 17:57:56', '1', '2024-06-01 20:06:07', b'0', 0), (12, 3, 'llama3', 'llama3', 'Ollama', 1, 0, 1, 4096, 10, '1', '2024-05-17 23:16:38', '1', '2024-05-17 23:16:38', b'0', 0), (13, 5, '星火大模型3.5', 'generalv3.5', 'XingHuo', 5, 0, NULL, NULL, NULL, '1', '2024-05-18 10:10:21', '1', '2024-05-18 10:10:21', b'0', 0), (14, 6, 'qwen-72b-chat', 'qwen-72b-chat', 'QianWen', 6, 0, 1, 2000, 20, '1', '2024-05-18 10:33:47', '1', '2024-05-25 13:21:34', b'0', 0), (15, 6, 'Qwen-7B', 'Qwen-7B', 'QianWen', 1000, 0, 1, 4096, 20, '1', '2024-06-01 20:05:14', '1', '2024-06-01 21:53:03', b'0', 0), (16, 4, 'ernie-tiny-8k', 'ernie-tiny-8k', 'YiYan', 2000, 0, 1, 4096, 10, '1', '2024-06-02 09:00:21', '1', '2024-06-02 09:00:21', b'0', 0);
COMMIT;

-- ----------------------------
-- Table structure for ai_chat_role
-- ----------------------------
DROP TABLE IF EXISTS `ai_chat_role`;
CREATE TABLE `ai_chat_role`  (
  `id` bigint NOT NULL AUTO_INCREMENT COMMENT '角色编号',
  `user_id` bigint NULL DEFAULT NULL COMMENT '用户编号',
  `model_id` bigint NULL DEFAULT NULL COMMENT '模型编号',
  `name` varchar(128) CHARACTER SET utf8mb4 COLLATE utf8mb4_0900_bin NOT NULL COMMENT '角色名称',
  `avatar` varchar(256) CHARACTER SET utf8mb4 COLLATE utf8mb4_0900_bin NOT NULL COMMENT '头像',
  `category` varchar(32) CHARACTER SET utf8mb4 COLLATE utf8mb4_0900_bin NULL DEFAULT NULL COMMENT '角色类别',
  `sort` int NOT NULL DEFAULT 0 COMMENT '角色排序',
  `description` varchar(256) CHARACTER SET utf8mb4 COLLATE utf8mb4_0900_bin NOT NULL COMMENT '角色描述',
  `system_message` varchar(1024) CHARACTER SET utf8mb4 COLLATE utf8mb4_0900_bin NULL DEFAULT NULL COMMENT '角色上下文',
  `public_status` bit(1) NOT NULL COMMENT '是否公开',
  `status` tinyint NULL DEFAULT NULL COMMENT '状态',
  `creator` varchar(64) CHARACTER SET utf8mb4 COLLATE utf8mb4_unicode_ci NULL DEFAULT '' COMMENT '创建者',
  `create_time` datetime NOT NULL DEFAULT CURRENT_TIMESTAMP COMMENT '创建时间',
  `updater` varchar(64) CHARACTER SET utf8mb4 COLLATE utf8mb4_unicode_ci NULL DEFAULT '' COMMENT '更新者',
  `update_time` datetime NOT NULL DEFAULT CURRENT_TIMESTAMP ON UPDATE CURRENT_TIMESTAMP COMMENT '更新时间',
  `deleted` bit(1) NOT NULL DEFAULT b'0' COMMENT '是否删除',
  `tenant_id` bigint NOT NULL DEFAULT 0 COMMENT '租户编号',
  PRIMARY KEY (`id`) USING BTREE
) ENGINE = InnoDB AUTO_INCREMENT = 13 CHARACTER SET = utf8mb4 COLLATE = utf8mb4_0900_bin COMMENT = 'AI 聊天角色表';

-- ----------------------------
-- Records of ai_chat_role
-- ----------------------------
BEGIN;
INSERT INTO `ai_chat_role` (`id`, `user_id`, `model_id`, `name`, `avatar`, `category`, `sort`, `description`, `system_message`, `public_status`, `status`, `creator`, `create_time`, `updater`, `update_time`, `deleted`, `tenant_id`) VALUES (10, NULL, 11, '通用 AI 助手', 'http://test.yudao.iocoder.cn/eaef5f41acb911dd718429a0702dcc3c61160d16e57ba1d543132fab58934f9f.png', '助手', 1, '默认角色', '您好，我是您的AI智能助手，我会尽力回答您的问题或提供有用的建议！！！！', b'1', 0, '1', '2024-05-13 20:44:48', '1', '2024-05-14 19:36:39', b'0', 0), (11, NULL, 14, 'Python 专家', 'http://test.yudao.iocoder.cn/5c5528504c307d34af504f39bc4e7007d2f6f31ee00dab699cc91584d1af8aca.png', '编程开发', 2, 'Python', '我希望你能作为一名 python 专家。我将向你提供有关我的技术问题的所有信息，而你的角色是解决我的问题。你应该用你的计算机科学、网络基础设施和 IT 安全知识来解决我的问题。在你的回答中，使用聪明的、简单的、为各种层次的人所理解的语言会有帮助。逐步解释你的解决方案并使用要点是很有帮助的。尽量避免过多的技术细节，但在必要时使用它们。我希望你用解决方案来回答，而不是写任何解释。', b'1', 0, '1', '2024-05-17 23:23:20', '1', '2024-05-25 13:19:05', b'0', 0), (12, 1, NULL, '小可爱角色', 'http://test.yudao.iocoder.cn/5752750225f522ba794b16ad0b0e73d268093760546ebc2519b1a5dfc5b064d1.jpg', NULL, 0, '卡比兽，爱睡觉', '你好，我是宠物小精灵大师！', b'0', 0, '1', '2024-05-25 13:25:46', '1', '2024-05-25 13:25:46', b'0', 0);
COMMIT;

-- ----------------------------
-- Table structure for ai_image
-- ----------------------------
DROP TABLE IF EXISTS `ai_image`;
CREATE TABLE `ai_image`  (
  `id` bigint NOT NULL AUTO_INCREMENT COMMENT '编号',
  `user_id` bigint NOT NULL COMMENT '用户编号',
  `prompt` varchar(2000) CHARACTER SET utf8mb4 COLLATE utf8mb4_0900_bin NOT NULL COMMENT '提示词',
  `platform` varchar(64) CHARACTER SET utf8mb4 COLLATE utf8mb4_0900_bin NOT NULL COMMENT '平台',
  `model` varchar(64) CHARACTER SET utf8mb4 COLLATE utf8mb4_0900_bin NOT NULL COMMENT '模型',
  `width` int NOT NULL COMMENT '图片宽度',
  `height` int NOT NULL COMMENT '图片高度',
  `status` tinyint NOT NULL COMMENT '绘画状态',
  `public_status` bit(1) NOT NULL COMMENT '是否发布',
  `pic_url` varchar(2048) CHARACTER SET utf8mb4 COLLATE utf8mb4_0900_bin NULL DEFAULT NULL COMMENT '图片地址',
  `error_message` varchar(1024) CHARACTER SET utf8mb4 COLLATE utf8mb4_0900_bin NULL DEFAULT NULL COMMENT '错误信息',
  `options` json NULL COMMENT '绘制参数',
  `job_id` varchar(255) CHARACTER SET utf8mb4 COLLATE utf8mb4_0900_bin NULL DEFAULT NULL,
  `creator` varchar(64) CHARACTER SET utf8mb4 COLLATE utf8mb4_unicode_ci NULL DEFAULT '' COMMENT '创建者',
  `create_time` datetime NOT NULL DEFAULT CURRENT_TIMESTAMP COMMENT '创建时间',
  `updater` varchar(64) CHARACTER SET utf8mb4 COLLATE utf8mb4_unicode_ci NULL DEFAULT '' COMMENT '更新者',
  `update_time` datetime NOT NULL DEFAULT CURRENT_TIMESTAMP ON UPDATE CURRENT_TIMESTAMP COMMENT '更新时间',
  `deleted` bit(1) NOT NULL DEFAULT b'0' COMMENT '是否删除',
  `tenant_id` bigint NOT NULL DEFAULT 0 COMMENT '租户编号',
  PRIMARY KEY (`id`) USING BTREE
) ENGINE = InnoDB AUTO_INCREMENT = 131 CHARACTER SET = utf8mb4 COLLATE = utf8mb4_0900_bin COMMENT = 'AI 绘画表';

-- ----------------------------
-- Records of ai_image
-- ----------------------------
BEGIN;
INSERT INTO `ai_image` (`id`, `user_id`, `prompt`, `platform`, `model`, `width`, `height`, `status`, `public_status`, `pic_url`, `error_message`, `options`, `job_id`, `creator`, `create_time`, `updater`, `update_time`, `deleted`, `tenant_id`) VALUES (113, 1, '生成一个小老虎', 'dall', 'dall-e-3', 1024, 1024, 20, b'0', 'http://test.yudao.iocoder.cn/9658876b931a06e39524331ac02aaa9e397dcd98512fe4d34a84649b7d33186c.png', NULL, '{\"style\": \"vivid\"}', NULL, '', '2024-06-01 05:58:53', '', '2024-06-01 05:58:53', b'0', 0), (114, 1, '今天是六一儿童节，帮我画个快乐的', 'dall', 'dall-e-2', 1024, 1024, 30, b'0', NULL, '[url] is blank !', '{\"style\": \"vivid\"}', NULL, '', '2024-06-01 05:58:53', '', '2024-06-01 07:13:37', b'1', 0), (115, 1, '快乐一下！你懂的！', 'dall', 'dall-e-3', 1024, 1024, 20, b'0', 'http://test.yudao.iocoder.cn/d44951ce3fa328d73bc3e03e555bda7e5200e85fe465ca19015099bb9b1f3cca.png', NULL, '{\"style\": \"vivid\"}', NULL, '', '2024-06-01 05:58:53', '', '2024-06-01 05:58:53', b'0', 0), (116, 1, '设计一个 ide 图标', 'openai', 'dall-e-3', 1024, 1792, 30, b'0', NULL, '非法平台： openai', '{\"style\": \"vivid\"}', NULL, '', '2024-06-01 05:58:53', '', '2024-06-01 07:13:41', b'1', 0), (117, 1, '绿光，给这首歌，搞个封面！', 'OpenAI', 'dall-e-3', 1024, 1792, 20, b'0', 'http://test.yudao.iocoder.cn/86fd4cde84a3bbe3b228938f2cd9abb91adbe27806616cf6eb3bc74bf44fda22.png', NULL, '{\"style\": \"natural\"}', NULL, '', '2024-06-01 05:58:53', '', '2024-06-01 05:58:53', b'0', 0), (118, 1, '画一个小丸子', 'StableDiffusion', 'dall-e-3', 1792, 1024, 30, b'0', NULL, 'Cannot invoke \"org.springframework.ai.image.ImageClient.call(org.springframework.ai.image.ImagePrompt)\" because \"imageClient\" is null', '{\"style\": \"vivid\"}', NULL, '', '2024-06-01 05:58:53', '', '2024-06-01 07:13:39', b'1', 0), (119, 1, '画一个小丸子', 'StableDiffusion', 'dall-e-3', 1792, 1024, 30, b'0', NULL, '400 - {\"id\":\"5c5564d29338ed71e6cc7ad9d85ed030\",\"message\":\"for stable-diffusion-v1-6 no dimension can be less than 320 or greater than 1536, but we received 1792x1024\",\"name\":\"invalid_sd_v1_6_dimensions\"}\n', '{\"style\": \"vivid\"}', NULL, '', '2024-06-01 05:58:53', '', '2024-06-01 07:13:45', b'1', 0), (121, 1, '中国长城', 'StableDiffusion', 'stable-diffusion-v1-6', 1024, 1024, 10, b'0', NULL, NULL, '{\"style\": \"vivid\"}', NULL, '', '2024-06-01 05:58:53', '', '2024-06-01 07:13:43', b'1', 0), (122, 1, '中国长城', 'StableDiffusion', 'stable-diffusion-v1-6', 1024, 1024, 20, b'0', 'http://test.yudao.iocoder.cn/066d7a7108cd3ee2f1401f73c88a593d2757c4dd435efc9a37a5dc9aebb8710e.png', NULL, '{\"style\": \"vivid\"}', NULL, '', '2024-06-01 05:58:53', '', '2024-06-01 05:58:53', b'0', 0), (123, 1, '中国长城', 'StableDiffusion', 'stable-diffusion-v1-6', 1024, 1024, 20, b'0', 'http://test.yudao.iocoder.cn/75d1c5f5949b6eee9661cd9500ac9f0c3c3c380186cc4159775a742292902512.png', NULL, NULL, NULL, '1', '2024-06-01 14:10:08', NULL, '2024-06-01 14:10:23', b'0', 0), (124, 1, '可爱的小喵星人', 'OpenAI', 'dall-e-3', 1024, 1024, 20, b'0', 'http://test.yudao.iocoder.cn/afb78b7203aac967c118cb5ad30566de1853230b2f88e3bfb453efc34710d43c.png', NULL, '{\"style\": \"vivid\"}', NULL, '1', '2024-06-01 14:15:06', NULL, '2024-06-01 14:15:37', b'0', 0), (125, 1, '可爱的小喵星人', 'OpenAI', 'dall-e-3', 1024, 1024, 20, b'0', 'http://test.yudao.iocoder.cn/119feae7f0cb5bc202d4cbb4b7a4fbd885c73110f4a368b6311fa497accad7f1.png', NULL, '{\"style\": \"vivid\"}', NULL, '1', '2024-06-01 15:07:26', NULL, '2024-06-01 15:07:45', b'0', 0), (127, 1, '中国长城', 'StableDiffusion', 'stable-diffusion-v1-6', 1024, 1024, 30, b'0', NULL, '404 - {\"id\":\"9632ce2488508c073d6c7a858d7d4715\",\"message\":\"The specified engine (ID https://api.stability.ai/v1) was not found.\",\"name\":\"not_found\"}\n', NULL, NULL, '1', '2024-06-01 15:11:53', NULL, '2024-06-01 07:13:32', b'1', 0), (128, 1, '中国长城', 'StableDiffusion', 'stable-diffusion-v1-6', 1024, 1024, 20, b'0', 'http://test.yudao.iocoder.cn/632178baef29363e1587750f82118e8f53d876e1118d27544312eea5638bd3aa.png', NULL, NULL, NULL, '1', '2024-06-01 15:14:22', NULL, '2024-06-01 08:10:03', b'1', 0), (129, 1, '画一个周杰伦', 'StableDiffusion', 'dall-e-3', 1024, 1792, 30, b'0', NULL, '400 - {\"id\":\"93cc2d9d15cf67be783672db6f6ce791\",\"message\":\"for stable-diffusion-v1-6 no dimension can be less than 320 or greater than 1536, but we received 1024x1792\",\"name\":\"invalid_sd_v1_6_dimensions\"}\n', '{\"style\": \"natural\"}', NULL, '1', '2024-06-01 16:10:10', NULL, '2024-06-01 08:11:23', b'1', 0), (130, 1, '画一个周杰伦！', 'OpenAI', 'dall-e-3', 1024, 1024, 20, b'0', 'http://test.yudao.iocoder.cn/ba81c0aa76ec952ebc54d04fb30c3ac9777996257c7d1ce98df086e99f3313de.png', NULL, '{\"style\": \"vivid\"}', NULL, '1', '2024-06-01 16:11:30', NULL, '2024-06-02 10:32:00', b'1', 0);
COMMIT;

SET FOREIGN_KEY_CHECKS = 1;
